"id","site","job_url","job_url_direct","title","company","location","date_posted","job_type","salary_source","interval","min_amount","max_amount","currency","is_remote","job_level","job_function","listing_type","emails","description","company_industry","company_url","company_logo","company_url_direct","company_addresses","company_num_employees","company_revenue","company_description","skills","experience_range","company_rating","company_reviews_count","vacancy_count","work_from_home_type"
"gd-1010051946951","glassdoor","https://www.glassdoor.com/job-listing/j?jl=1010051946951","","National Account Manager - Level 1","Airgas","Radnor, PA","2026-03-03","","direct_data","yearly",139000.0,157000.0,"USD",False,"","","sponsored","gina.kim@airliquide.com, -accommodationrequest@airgas.com","R10084617 National Account Manager \\- Level 1 (Open)
Location:


Radnor, PA (Airgas HO) \\- Management
**How will you CONTRIBUTE and GROW?**
-------------------------------------

Airgas is Hiring for a National Account Manager \\- Level 1!
At Airgas, we are committed to building a diverse and inclusive workplace that embraces the diversity of our employees, our customers, patients, community stakeholders and cultures across the world.


We are looking for you!


* Target Base Salary: $139K – $157K (DOE)

Recruiter: Gina Kim / gina.kim@airliquide.com / (424\\) 241\\-2293


The primary function of the Inside National Account Manager Level 1 is to renew and grow existing customer accounts that are national in scope coming back to the group from Regional Strategic Account Manager (i.e. spanning multiple regions/divisions), and that may require significant value\\-added consultation or technical service. In addition, this position is responsible for leading the responses to commodity\\-based RFP (Requests for Proposal) for both cylinders, bulk, and hardgoods, as determined by management, as well as for developing new National Accounts within customers currently served by multiple regional geographies as determined by management. The position will be responsible for named customer account management, pricing management, renewals, and dispute management within the National Account Manager (National Accounts) portfolio.


* Establish contracts with, and profitably grow, new and existing customers in several markets by driving maximum consumption of Airgas products and services, effectively implementing pricing actions and promoting an optimal cost to serve position across client operations
* Another major responsibility of this position will be to lead the joint effort with Omnia Partners on the Public Sector.
* This position is responsible for improving the sales volume and profitability of the selected National Account Manager portfolio. Success will require working with each Region and Market Segment to ensure the target sales and profit goals are met within the customers in the portfolio.
* Manage the contract life cycle for each customer
* Collaborate closely with the regional and TA teams to identify areas of customer value creation and shift focus from product price to process savings
* Document and gain customer agreement over cost savings and value creation based on spend optimization, productivity gains and identified process improvements
* Promote and exemplify Sales Force Effectiveness behaviors thereby increasing the effective sales band\\-width at Airgas
* Provide dotted line mentoring and leadership to regional and local sales teams
* Develop and maintain key relationships with counterparts in the Airgas regional strategic accounts organization
* Position is remote with Travel expected 20% of the time

**\\_\\_\\_\\_\\_\\_\\_\\_\\_\\_\\_\\_\\_\\_\\_\\_\\_\\_\\_\\_\\_\\_\\_\\_**
----------------------------------------------------

**Are you a MATCH?**
--------------------

**Required Qualifications:**

* Executive sales professional, effective and capable in situations ranging from the corporate office to the production floor
* Experience dealing with customers’ contract language and exceptional ability to negotiate and close significant contracts incorporating standard Airgas language
* Ability to manage through organizational tension, sustains results and relationships and delegates tasks effectively
* Strong presentation skills and financial acumen

**Preferred Qualifications:**

* Some track record of demonstrated performance and achievement in sales
* Strong influencing and teamwork skills
* Experience with and understanding of Airgas business: branch and basic operations, sales, asset/capital management; product lines and sales channels
* Knowledgeable in customer’s business and markets and able to adapt Airgas value proposition to unique customer circumstances
* Promotes collaboration, coordination, and teamwork across organizational boundaries
* Drive for Results: Bottom\\-line oriented; steadfastly pushes self and others for results; able to stand ground as is resilient in the face of challenging customer situations
* Organizational Agility: Achieve results through formal channels as well as the informal network.
* Effective Communicator: Ensures a smooth flow of information between self and others, at times in a virtual/remote setting, through clear speaking and writing, encouragement of open expression of ideas, and effective listening
* Adept at time management and prioritization
* Ability to manage workflow through the utilization of the companies chosen CRM (Salesforce.com “SFDC”)

\\_\\_\\_\\_\\_\\_\\_\\_\\_\\_\\_\\_\\_\\_\\_\\_\\_\\_\\_\\_\\_\\_\\_\\_


**Benefits**

We care about and support our Airgas Families. This is evident not only through our competitive compensation but also through a comprehensive benefits package that includes medical, dental, and vision plans, short\\-term and long\\-term disability, life and accidental death and dismemberment (AD\\&D) insurance, Employee Assistance Program (EAP), pre\\-tax commuter transportation benefit, parental leave, vacation, sick time, floating holidays, jury duty and funeral/bereavement leave, and paid holidays for all eligible full\\-time employees.


Additionally, we offer our eligible employees a 401k plan with company matching funds, tuition reimbursement, discounted college tuition for eligible employees’ dependents, and an Airgas Scholarship Program for dependent children.


Associates who are members of collective bargaining units should review their bargaining agreement to determine whether they are eligible for some or all of the benefits described here and to see any special terms or conditions for eligibility.


\\_\\_\\_\\_\\_\\_\\_\\_\\_\\_\\_\\_\\_\\_\\_\\_\\_\\_\\_\\_\\_\\_\\_\\_\\_


**Your DIFFERENCES enhance our PERFORMANCE**

At Airgas, we are committed to building a workplace that embraces the diversity of our employees, our customers, patients, community stakeholders and cultures across the world.


We welcome and consider applications from all qualified applicants, regardless of their race, gender, sexual orientation, religion, disability or any other protected characteristic. We strongly believe a diverse organization opens up opportunities for people to express their talent, both individually and collectively and it helps foster our ability to innovate by living our fundamentals, acting for our success and creating an engaging environment in a changing world.


\\_\\_\\_\\_\\_\\_\\_\\_\\_\\_\\_\\_\\_\\_\\_\\_\\_\\_\\_\\_\\_\\_\\_\\_\\_


**About Airgas**

Airgas, an Air Liquide company, is a leading U.S. supplier of industrial, medical and specialty gases, as well as hardgoods and related products; one of the largest U.S. suppliers of safety products; and a leading U.S. supplier of ammonia products and process chemicals. Through the passion and diversity of its 18,000 associates, Airgas fosters a culture of safety, customer success, sustainability and innovation. Airgas associates are empowered to share ideas, take initiative and make decisions.


Airgas is a subsidiary of Air Liquide, a world leader in gases, technologies and services for industry and healthcare. Present in 60 countries with approximately 66,500 employees, Air Liquide serves more than 4 million customers and patients.


Join us for a stimulating experience: At Airgas, you matter and so does the work you do. As a member of our team, you play an important role in the success of your team, making sure our products are created sustainably and delivered safely and efficiently. In turn, you’ll find a welcoming workplace where you’re valued for who you are and where you can fill your potential while growing a fulfilling career — whatever path you choose.


\\_\\_\\_\\_\\_\\_\\_\\_\\_\\_\\_\\_\\_\\_\\_\\_\\_\\_\\_\\_\\_\\_\\_\\_\\_


**Equal Employment Opportunity Information**  



We are an equal opportunity employer. We welcome all qualified applicants regardless of race, color, religion, sex, sexual orientation, gender identity, national origin, disability, veteran status, or any other protected characteristic.


Airgas, an Air Liquide Company is a Government contractor subject to the Vietnam Era Veterans’ Readjustment Assistance Act of 1974 and Section 503 of the Rehabilitation Act of 1973\\.


Airgas does not discriminate against qualified applicants with disabilities, and is committed to providing reasonable accommodations to the known disabilities of such individuals so as to ensure equal access to benefits and privileges of employment. If you are an individual with a disability and would like to request a reasonable accommodation as part of the employment selection process, please contact us by email at us\\-accommodationrequest@airgas.com.


\\_\\_\\_\\_\\_\\_\\_\\_\\_\\_\\_\\_\\_\\_\\_\\_\\_\\_\\_\\_\\_\\_\\_\\_\\_


California Privacy Notice","","https://www.glassdoor.com/Overview/W-EI_IE18.htm","https://media.glassdoor.com/sql/18/airgas-squarelogo-1464014726156.png","","","","","","","","","","",""
"gd-1010052270797","glassdoor","https://www.glassdoor.com/job-listing/j?jl=1010052270797","","Distribution Account Manager","Commscope","","2026-03-03","","","","","","",True,"","","sponsored","","In our ‘always on’ world, we believe it’s essential to have a genuine connection with the work you do.



Ruckus Networks is seeking a highly qualified **Distribution Account Manager** to join our team. This role will be responsible for managing distribution relationships within North America. The ideal candidate resides in the Chicago area or Midwest region of the United States.  



For the hard\\-working people in the world’s most demanding industries, “good enough” networking isn’t good enough. They need networks that meet their organization’s exacting needs. RUCKUS® builds and delivers purpose\\-driven networks that perform in the tough environments of the industries we serve. Together with our trusted go\\-to\\-market partners, we empower our customers to deliver exceptional experiences to the guests, students, residents, citizens, and employees who are counting on them. If you’re passionate about sales and building positive relationships, this is the role for you!

.
**Key Responsibilities:**

The Distribution Account Manager will oversee all business operations through assigned distribution partners. Reporting to the Vice President of Global Distribution, the individual will manage, develop, and drive the success of distributors, collaborating closely with local Channel and End\\-User sales teams.

The successful candidate will identify and execute strategic initiatives to distinguish Ruckus Networks and generate incremental revenue through distributors, facilitating effective adoption and growth of both new and existing products. A specific emphasis will be placed on supporting distributors in recruiting and developing new distribution\\-managed resellers.
* **Operational Efficiency:** Serve as the primary operational contact for assigned distributors, promptly addressing inquiries to maintain seamless collaboration.
* **System Expertise:** Resolve platform\\-related issues faced by distributors, including portal access, login troubleshooting, and CPQ matters such as license allocation.
* **Program Adoption \\& Enablement:** Clearly communicate program details, provide progress updates, and assist distributors in accessing necessary training and certifications.
* **Channel Pipeline Optimization:** Coordinate pipeline management and supply requirements in partnership with distribution.
* **Business Insights Enhancement:** Prepare reports for Quarterly Business Reviews (QBRs) and ROI analyses and contribute to distribution\\-focused presentations for internal and external audiences.
* **Channel Marketing Support:** Promote high attendance at distributor marketing events and ensure thorough follow\\-up to maximize sales conversions.
* **Process Streamlining:** Evaluate and refine operational workflows, document improvements, and facilitate ease of business for distributors.


**Required Qualifications:**
* **Distribution Management Experience:** Minimum of 3 years' experience in distribution and channel relationship building/partner management, preferably within the technology sector and involving Distributors, Resellers, System Integrators, alliances, and strategic partners.
* **Distributor/Channel Mindset:** Comprehensive understanding of indirect sales models and the pivotal role of distribution partners in the technology ecosystem; ability to articulate and align business strategies from both the distributors and Ruckus solution perspectives.
* **Operational Acumen:** Demonstrated proficiency in complex internal systems (such as Salesforce CRM and Partner Portals) and strong process improvement skills.
* **Service \\& Support Excellence:** Proven capability to manage a high volume of diverse inquiries, maintaining responsive liaison to ensure partner satisfaction.
* **Communication \\& Clarity:** Exceptional written and verbal communication skills, with the ability to explain intricate program details and operational procedures effectively.
* **Data \\& System Discipline:** Experience in sales data management, pipeline maintenance, and use of reporting tools for business review purposes.
* **Motivation:** Strong motivation and integrity, complemented by interpersonal, project management, negotiation, change management, problem\\-solving, and process management expertise.


Our salary ranges consider a wide variety of factors, including but not limited to benchmarking by independent third\\-party consultants, skill sets, years of experience, training, education, geography, and other business needs. Depending on experience, the range can be higher for candidates with exceptional experience and a demonstrated history of successful performance. This position's expected total compensation (base salary and commission range). The candidate will be rewarded with a comprehensive benefits package, including medical, dental, and vision plans, life and accidental death insurance, a 401(k) plan, and participation in the Company’s Incentive Plan. Candidates starting with the Company will be eligible for eleven paid holidays in a full calendar year, two weeks of paid vacation (prorated based on start date), as well as other leave options.

***Important Candidate Notice****: On January 9, 2026, CommScope finalized the sale of its Connectivity and Cable Solutions segment, which included the CommScope name and brand, to Amphenol Corporation. The remaining businesses — Access Networks Solutions**(now rebranded as* ***Aurora Networks****) and* ***RUCKUS Networks*** *have been unified under the new parent company, renamed as* ***Vistance Networks****. The role being advertised is part of RUCKUS Networks.*

  


**Why Join Us?**

  



Vistance Networks shapes the future of communications technology, pushing past what is possible. We deliver solutions that bring reliability and performance to a world always in motion. Our global team of innovators and employees are trusted advisors who listen to customers first, then deliver value.

  



RUCKUS Networks delivers purpose\\-driven enterprise networks that enable superior business outcomes in demanding environments. Our solutions combine AI\\-powered automation, proactive network assurance, and context\\-aware security, providing exceptional performance with simplified management.

  



If you want to grow your career alongside bright, passionate, and caring people who strive to create what's next…..come connect to your future at Vistance Networks.



Vistance Networks is an Equal Opportunity Employer (EEO), including people with disabilities and veterans.



\\#LI\\-REMOTE  

\\#LI\\-CB1","","https://www.glassdoor.com/Overview/W-EI_IE7061.htm","https://media.glassdoor.com/sql/7061/commscope-squareLogo-1691384361544.png","","","","","","","","","","",""
"gd-1010051867896","glassdoor","https://www.glassdoor.com/job-listing/j?jl=1010051867896","","Inside Sales Account Manager, Install Base - Diagnostic Imaging","Philips","","2026-03-03","","direct_data","yearly",97750.0,138000.0,"USD",True,"","","sponsored","","### **Job Title**

Inside Sales Account Manager, Install Base \\- Diagnostic Imaging
### **Job Description**

As an Inside Sales Account Manager, Install Base \\- Diagnostic Imaging (Remote) you will be responsible for ensuring the team has effective customer relationships, developing opportunities for growth within an existing customer base, and assuring market penetration and profitability while achieving sales and funnel growth within a territory that you will own. You will collaborate with the field and aid in account planning, forecasting and overall sales execution, close add ons, upgrades and service sales while building and increasing sales within the Diagnostic Imaging Install Base markets across North America.


**Your role:**

* Building relationships with key decision makers and acting as the point of contact for our Install Base, addressing and handling customer needs while maintaining and upselling within established accounts.
* Determining customers’ requirements by working closely with technical support channels and all internal/external partners to ensure accuracy in customer solutions.
* Building a strong internal and external network, leveraging existing customer relationships and strategy to increase revenue for our current Install Base.
* Using data analytics to contribute to territory planning/coverage and submitting budgetary and formal quote requests and changes.
* Achieve specific metrics related to funnel velocity, opportunity advancement and territory growth.

**You're the right fit if:**

* You’ve acquired 4\\+ years of experience in inside sales/sales and/or high level B2B customer management. Medical Device experience strongly preferred.
* Your skills include quoting, knowledge of the hospital buying process, selling into executive and C\\-Suite customers, selling medical devices, and/or service agreements, working with contracts, excellent communication, listening, presentation and closing skills.
* You have a High School Diploma. Bachelor's degree, strongly preferred.
* You must be able to successfully perform the following minimum Physical, Cognitive and Environmental job requirements with or without accommodation for this Sales position.
* You’re a self starter, team player, driven, highly motivated individual with the ability to achieve aggressive sales objectives and goals.

**How we work together**

We believe that we are better together than apart. For our office\\-based teams, this means working in\\-person at least 3 days per week. Onsite roles require full\\-time presence in the company’s facilities. Field roles are most effectively done outside of the company’s main facilities, generally at the customers’ or suppliers’ locations.


This is a field role.


**About Philips**

We are a health technology company. We built our entire company around the belief that every human matters, and we won't stop until everybody everywhere has access to the quality healthcare that we all deserve. Do the work of your life to help improve the lives of others.


* Learn more about our business .
* Discover our rich and exciting history.
* Learn more about our purpose.
* Learn more about our culture.

**Philips Transparency Details**

Total Target Earnings is composed of base salary \\+ target incentive. At 85% to 120% performance achievement, the Target Earning potential is $97,750 to $138,000, annually. Total compensation may be higher or lower dependent upon individual performance.


Target Earnings pay is only one component of the Philips Total Rewards compensation package, which includes a generous PTO, 401k (up to 7% match), HSA (with company contribution), stock purchase plan, education reimbursement and much more. Details about our benefits can be found here .


**Additional Information**

US work authorization is a precondition of employment. The company will not consider candidates who require sponsorship for a work\\-authorized visa, now or in the future.  



Company relocation benefits **will not** be provided for this position


\\#PrecisionDiagnosis


**\\#LI\\-PH1**

This requisition is expected to stay active for 45 days but may close earlier if a successful candidate is selected or business necessity dictates. Interested candidates are encouraged to apply as soon as possible to ensure consideration.


*Philips is an Equal Employment and Opportunity Employer including Disability/Vets and maintains a drug\\-free workplace.*","","https://www.glassdoor.com/Overview/W-EI_IE3496.htm","https://media.glassdoor.com/sql/3496/philips-squareLogo-1738188837085.png","","","","","","","","","","",""
"gd-1010051956890","glassdoor","https://www.glassdoor.com/job-listing/j?jl=1010051956890","","Key Account Manager -Pharmaceuticals","PASONA N A, INC.","Newport, MI","2026-03-03","","direct_data","yearly",160000.0,180000.0,"USD",False,"","","sponsored","xjiang@pasona.com","Globally growing pharmaceutical brand for Facial Angiofibroma associated with Tuberous Sclerosis Complex (TSC) company in the US seeking an experienced Key Account Manager to lead strategic engagement with TSC Centers of Excellence, major institutional accounts, and specialty practices in Dermatology and Neurology across **the Great Lakes region.**

  

Key Account Manager – Great Lakes (Remote)


Regions: MI, OH, WV, MN, WI • Must live within 1 hour of a major metro airport


Base Salary: $160–180K \\+ up to $60K incentive

 **What You’ll Do**


Build and manage relationships with large multidisciplinary TSC care centers and specialty practices.


Develop and execute regional business plans aligned with national launch strategy.


Drive product access, pull‑through, and adoption across complex healthcare systems.


Partner cross‑functionally with Medical Affairs, Marketing, Market Access, Legal, and Compliance.


Deliver product presentations, support formulary engagements, and collaborate with KOLs.


Represent the company at tradeshows and patient‑focused events.


Maintain CRM accuracy and use analytics to guide regional strategy.


Identify new business opportunities and expand institutional relationships.

 **What You Bring**


Bachelor’s degree preferred (Business, Marketing, Life Sciences).


7\\+ years in pharma/biotech/life sciences sales.


Strong understanding of FDA/PhRMA promotional requirements.


Experience in rare disease, dermatology, or neurology preferred.


Proven ability to navigate reimbursement and access dynamics.


Strategic mindset with strong execution skills.


Ability to travel overnight 60–70%.

  

To apply, please email your resume to xjiang@pasona.com","","https://www.glassdoor.com/Overview/W-EI_IE285118.htm","https://media.glassdoor.com/sql/285118/pasona-na-squarelogo-1426237112600.png","","","","","","","","","","",""
"gd-1010052010904","glassdoor","https://www.glassdoor.com/job-listing/j?jl=1010052010904","","Field Sales Representative II","Arrow Electronics, Inc.","Dayton, OH","2026-03-03","","direct_data","yearly",76600.0,154003.0,"USD",False,"","","sponsored","","**Position:**
=============


Field Sales Representative II**Job Description:**
====================

**What You Will Be Doing:**

* Define critical markets and new customers in the assigned sales territory, plan strategy and develop all key relationships to ensure strong foundation for solution selling. Maintain and promote relationships with customer contacts who may be determining design opportunities and deal with existing business challenges. Ensure customer satisfaction as it pertains to supply chain management and other value\\-added services. Requires experience interacting with vendors and customers in a technical and engineering environment. Extensive understanding of pricing programs and models within the electronics industry.
* Requires comprehensive ability to develop strategic plans for all assigned accounts, sell and market full set of Arrow offerings incorporating in\\-depth knowledge of Arrow’s key supplier lines.
* Must be able to prepare comprehensive internal quarterly business reviews (iQBR), presenting strategic plans and implementation steps to grow sales, demand creation and improve customer service. Ability to lead regular QBRs with major customers that unlock additional sales opportunities.
* Must be able to promote and sell the value add, supply chain, and full life cycle programs offered by Arrow. Requires proficiency in sales tracking systems, SalesForce.com, Oracle Establish and ability to build relationships with key suppliers.
* This job profile requires the assignment and participation in a sales compensation plan. A portion of OTE will be variable and tied to specific sales\\-related goals as set forth by Arrow (60/40 split).

 **What We Are Looking For:**

* 5\\-7 years of field sales experience required; bachelor’s degree preferred
* Understanding of the electronic components industry preferred
* Knowledge of the assigned market/territory **Cleveland** (e.g., customers, competition).
* Ability to promote and sell the value add, supply chain, and full life cycle programs offered by Arrow.
* Ability to develop strategic plans for assigned accounts
* Ability to articulate complex strategies and able to execute on them

**Work Arrangement:** Fully Remote: Must be able to travel to an Arrow office location as requested by Arrow leadership. **Position will cover Northern Ohio and the Cleveland market.**

**What’s In It For You:**


At Arrow, we recognize that financial rewards and great benefits are important aspects of an ideal job. That’s why we offer competitive financial compensation, including various compensation plans and a solid benefits package.

* Medical, Dental, Vision Insurance
* 401k, With Matching Contributions
* Short\\-Term/Long\\-Term Disability Insurance
* Health Savings Account (HSA)/Health Reimbursement Account (HRA) Options
* Paid Time Off (including sick, holiday, vacation, etc.)
* Tuition Reimbursement
* Growth Opportunities
* And more!


\\#LI\\-LH1

**Annual Hiring Range/Hourly Rate:**
====================================


$76,600\\.00 \\- $154,003\\.08
Actual compensation offer to candidate may vary from posted hiring range based upon geographic location, work experience, education, and/or skill level. The pay ratio between base pay and target incentive (if applicable) will be finalized at offer.

**Location:**
=============


US\\-OH\\-Ohio (Remote Employees)  


Remote work employees may be required to be present at the closest designated Arrow office for work\\-related purposes, at the Company’s request and sole discretion.**Time Type:**
==============


Full time**Job Category:**
=================


Sales**EEO Statement:**
==================


Arrow is an equal opportunity employer. All applicants will be considered for employment without attention to race, color, religion, gender, age, sexual orientation, gender identity, national origin, veteran or disability status. (Arrow EEO/AAP policy)

 *We anticipate this requisition will be open for a minimum of five days, though it may be open for a longer period of time. We encourage your prompt application.*

*In any materials you submit, you may redact or remove age\\-identifying information such as age, date of birth, or dates of school attendance or graduation. You will not be penalized for redacting or removing this information.*","","https://www.glassdoor.com/Overview/W-EI_IE56.htm","https://media.glassdoor.com/sql/56/arrow-electronics-squarelogo-1586816695490.png","","","","","","","","","","",""
"gd-1010051505186","glassdoor","https://www.glassdoor.com/job-listing/j?jl=1010051505186","","Account Executive","Qualys","New York, NY","2026-03-03","","direct_data","yearly",245000.0,275000.0,"USD",False,"","","organic","","","","https://www.glassdoor.com/Overview/W-EI_IE30935.htm","https://media.glassdoor.com/sql/30935/qualys-squarelogo-1504281590716.png","","","","","","","","","","",""
"gd-1010051653791","glassdoor","https://www.glassdoor.com/job-listing/j?jl=1010051653791","","Remote Sales Executive","Heavy Hammer","","2026-03-03","","direct_data","yearly",100000.0,175000.0,"USD",True,"","","organic","","","","https://www.glassdoor.com/Overview/W-EI_IE3065527.htm","https://media.glassdoor.com/sql/3065527/livebuyers-squarelogo-1646730388804.png","","","","","","","","","","",""
"gd-1010052588041","glassdoor","https://www.glassdoor.com/job-listing/j?jl=1010052588041","","New Business Account Executive","IDC Research Inc.","Boston, MA","2026-03-03","","direct_data","yearly",110000.0,150000.0,"USD",False,"","","organic","","","","https://www.glassdoor.com/Overview/W-EI_IE35698.htm","","","","","","","","","","","",""
"gd-1010051795275","glassdoor","https://www.glassdoor.com/job-listing/j?jl=1010051795275","","Associate Account Executive – SaaS Sales - Remote, UK","Qualcomm","","2026-03-03","","","","","","",True,"","","organic","","","","https://www.glassdoor.com/Overview/W-EI_IE640.htm","https://media.glassdoor.com/sql/640/qualcomm-squareLogo-1662140255236.png","","","","","","","","","","",""
"gd-1010051970722","glassdoor","https://www.glassdoor.com/job-listing/j?jl=1010051970722","","Strategic Account Executive 4","Twilio","","2026-03-03","","direct_data","yearly",132192.0,183600.0,"USD",True,"","","organic","","","","https://www.glassdoor.com/Overview/W-EI_IE410790.htm","https://media.glassdoor.com/sql/410790/twilio-squarelogo-1429071171061.png","","","","","","","","","","",""
"gd-1010051858258","glassdoor","https://www.glassdoor.com/job-listing/j?jl=1010051858258","","Senior Account Executive","Two Eighteen","","2026-03-03","","direct_data","yearly",100000.0,110000.0,"USD",True,"","","organic","","","","https://www.glassdoor.com/Overview/W-EI_IE10346709.htm","","","","","","","","","","","",""
"gd-1010051711355","glassdoor","https://www.glassdoor.com/job-listing/j?jl=1010051711355","","Enterprise Account Executive","Soter","","2026-03-03","","direct_data","yearly",120000.0,150000.0,"USD",True,"","","organic","","","","","","","","","","","","","","","",""
"gd-1010051864723","glassdoor","https://www.glassdoor.com/job-listing/j?jl=1010051864723","","Account Executive, Commercial & Channel","Slingshot Aerospace","","2026-03-03","","direct_data","yearly",140000.0,160000.0,"USD",True,"","","organic","","","","https://www.glassdoor.com/Overview/W-EI_IE5626756.htm","https://media.glassdoor.com/sql/5626756/slingshot-aerospace-squareLogo-1707233997419.png","","","","","","","","","","",""
"gd-1010051908098","glassdoor","https://www.glassdoor.com/job-listing/j?jl=1010051908098","","Account Manager","Williston Financial Group","","2026-03-03","","","","","","",True,"","","organic","","","","https://www.glassdoor.com/Overview/W-EI_IE192193.htm","https://media.glassdoor.com/sql/192193/williston-financial-group-squarelogo-1534247856601.png","","","","","","","","","","",""
"gd-1010052133617","glassdoor","https://www.glassdoor.com/job-listing/j?jl=1010052133617","","Account Executive","BillionToOne","Portland, OR","2026-03-03","","direct_data","yearly",136869.0,248269.0,"USD",False,"","","organic","","","","https://www.glassdoor.com/Overview/W-EI_IE1911950.htm","https://media.glassdoor.com/sql/1911950/billiontoone-squareLogo-1677799396740.png","","","","","","","","","","",""
"gd-1010051827713","glassdoor","https://www.glassdoor.com/job-listing/j?jl=1010051827713","","Account Executive - Distribution","advantive","","2026-03-03","","","","","","",True,"","","organic","","","","https://www.glassdoor.com/Overview/W-EI_IE6744233.htm","https://media.glassdoor.com/sql/6744233/advantive-squarelogo-1652855061197.png","","","","","","","","","","",""
"gd-1010051808540","glassdoor","https://www.glassdoor.com/job-listing/j?jl=1010051808540","","Enterprise Account Executive (Remote)","PermitFlow","New York, NY","2026-03-03","","direct_data","yearly",300000.0,350000.0,"USD",False,"","","organic","","","","https://www.glassdoor.com/Overview/W-EI_IE8120906.htm","https://media.glassdoor.com/sql/8120906/permitflow-squareLogo-1705000569291.png","","","","","","","","","","",""
"gd-1010050539807","glassdoor","https://www.glassdoor.com/job-listing/j?jl=1010050539807","","Key Account Executive, Contract Furniture - Remote Draw (CO, KS, NE, OK)","Staples, Inc.","Lakewood, CO","2026-03-02","","direct_data","yearly",74000.0,101000.0,"USD",False,"","","sponsored","","Must live in one of the following States: **Colorado/Kansas/Nebraska/Oklahoma**

  

Join Staples Furniture, a full\\-service company with a network of local distribution centers across the United States, committed to delivering personalized and environmentally responsible solutions. As part of the Staples family, we emphasize collaboration, innovation, and growth opportunities for professionals who thrive in a dynamic environment.


What you’ll be doing:

* Manage strategic accounts with regional, super\\-regional, and national footprints, ensuring exceptional service and growth.
* Lead weekly Customer Ownership Team calls to collaborate with support team members and address client needs.
* Visit customer locations to close furniture deals and introduce new products and service solutions.
* Identify and resolve account support weaknesses by developing value\\-added solutions with internal teams.
* Coordinate responses to high\\-priority account manager requests, including required site visits.
* Facilitate administrative work through Customer Success Consultants to maximize selling time.
* Communicate effectively with C\\-level executives, vendor partners, and internal customers.
* Develop and execute growth strategies for complex and high\\-touch accounts.


What you bring to the table:

* Professionalism at every level and a positive, vibrant attitude.
* Self\\-discipline and a strong desire to succeed, with attention to detail.
* Creative and solutions\\-oriented mindset, consistently seeking ways to add value.
* Advanced communication and collaboration skills, with the ability to coach and train team members.
* Higher math skillset and proficiency in MS Office.
* Documented success in managing large strategic accounts and achieving budget expectations.
* Experience in managing national, regional, or super\\-regional accounts.


What’s needed\\- Basic Qualifications:

* High school diploma or GED required
* Associate degree or some undergraduate education preferred.
* Minimum 4 years of business\\-to\\-business selling experience with Contract Furniture.
* Excellent customer service and interpersonal skills.
* Computer literate and proficient in MS Office.
* Prior experience in the office furniture industry or general knowledge of systems furniture preferred.
* Advanced verbal and written communication skills.
* Competitive Pay: **$74,000 \\- $101,000 – 8 mos weekly Draw**
* Expected annual earnings, based on historical performance of employees in this role, exceeds: **$250,000**. (This is a commission\\-based position.)
* Inclusive culture with associate\\-led Business Resource Groups
* Flexible PTO (22 days) and Holiday Schedule (7 observed paid holidays)
* Online and Retail Discounts, Company Match 401(k), Physical and Mental Health Wellness programs, and more perks and benefits


We Offer:

* Competitive Pay: **$74,000 \\- $101,000 – 8 mos weekly Draw**
* Expected annual earnings, based on historical performance of employees in this role, exceeds: **$250,000**. (This is a commission\\-based position.)
* Inclusive culture with associate\\-led Business Resource Groups
* Flexible PTO (22 days) and Holiday Schedule (7 observed paid holidays)
* Online and Retail Discounts, Company Match 401(k), Physical and Mental Health Wellness programs, and more perks and benefits


\\#HTF


It is unlawful in Massachusetts to require or administer a lie detector test as a condition of employment or continued employment. An employer who violates this law shall be subject to criminal penalties and civil liability.  


At Staples, “inclusion” is an action word. It represents what we do to ensure that all employees feel valued and supported to contribute to their fullest potential. When we operate inclusively, diversity naturally follows. This is why we work hard to foster an inclusive culture, as we seek employees with unique and varied perspectives and areas of expertise. The result is a better workplace and innovative thinking that helps us exceed our customers’ expectations – through the power of the people behind our iconic brand. Staples is an Equal Opportunity Employer. All qualified applicants will receive consideration for employment without regard to race, color, religion, age, sex, sexual orientation, gender identity, national origin, protected veteran status, disability, or any other basis protected by federal, state, or local law.","","https://www.glassdoor.com/Overview/W-EI_IE1909.htm","https://media.glassdoor.com/sql/1909/staples-squarelogo-1561571335904.png","","","","","","","","","","",""
"gd-1010050539787","glassdoor","https://www.glassdoor.com/job-listing/j?jl=1010050539787","","Key Account Executive, Contract Furniture - Remote Draw (CO, KS, NE, OK)","Staples, Inc.","Olathe, KS","2026-03-02","","direct_data","yearly",74000.0,101000.0,"USD",False,"","","sponsored","","Must live in one of the following States: **Colorado/Kansas/Nebraska/Oklahoma**

  

Join Staples Furniture, a full\\-service company with a network of local distribution centers across the United States, committed to delivering personalized and environmentally responsible solutions. As part of the Staples family, we emphasize collaboration, innovation, and growth opportunities for professionals who thrive in a dynamic environment.


What you’ll be doing:

* Manage strategic accounts with regional, super\\-regional, and national footprints, ensuring exceptional service and growth.
* Lead weekly Customer Ownership Team calls to collaborate with support team members and address client needs.
* Visit customer locations to close furniture deals and introduce new products and service solutions.
* Identify and resolve account support weaknesses by developing value\\-added solutions with internal teams.
* Coordinate responses to high\\-priority account manager requests, including required site visits.
* Facilitate administrative work through Customer Success Consultants to maximize selling time.
* Communicate effectively with C\\-level executives, vendor partners, and internal customers.
* Develop and execute growth strategies for complex and high\\-touch accounts.


What you bring to the table:

* Professionalism at every level and a positive, vibrant attitude.
* Self\\-discipline and a strong desire to succeed, with attention to detail.
* Creative and solutions\\-oriented mindset, consistently seeking ways to add value.
* Advanced communication and collaboration skills, with the ability to coach and train team members.
* Higher math skillset and proficiency in MS Office.
* Documented success in managing large strategic accounts and achieving budget expectations.
* Experience in managing national, regional, or super\\-regional accounts.


What’s needed\\- Basic Qualifications:

* High school diploma or GED required
* Associate degree or some undergraduate education preferred.
* Minimum 4 years of business\\-to\\-business selling experience with Contract Furniture.
* Excellent customer service and interpersonal skills.
* Computer literate and proficient in MS Office.
* Prior experience in the office furniture industry or general knowledge of systems furniture preferred.
* Advanced verbal and written communication skills.
* Competitive Pay: **$74,000 \\- $101,000 – 8 mos weekly Draw**
* Expected annual earnings, based on historical performance of employees in this role, exceeds: **$250,000**. (This is a commission\\-based position.)
* Inclusive culture with associate\\-led Business Resource Groups
* Flexible PTO (22 days) and Holiday Schedule (7 observed paid holidays)
* Online and Retail Discounts, Company Match 401(k), Physical and Mental Health Wellness programs, and more perks and benefits


We Offer:

* Competitive Pay: **$74,000 \\- $101,000 – 8 mos weekly Draw**
* Expected annual earnings, based on historical performance of employees in this role, exceeds: **$250,000**. (This is a commission\\-based position.)
* Inclusive culture with associate\\-led Business Resource Groups
* Flexible PTO (22 days) and Holiday Schedule (7 observed paid holidays)
* Online and Retail Discounts, Company Match 401(k), Physical and Mental Health Wellness programs, and more perks and benefits


\\#HTF


It is unlawful in Massachusetts to require or administer a lie detector test as a condition of employment or continued employment. An employer who violates this law shall be subject to criminal penalties and civil liability.  


At Staples, “inclusion” is an action word. It represents what we do to ensure that all employees feel valued and supported to contribute to their fullest potential. When we operate inclusively, diversity naturally follows. This is why we work hard to foster an inclusive culture, as we seek employees with unique and varied perspectives and areas of expertise. The result is a better workplace and innovative thinking that helps us exceed our customers’ expectations – through the power of the people behind our iconic brand. Staples is an Equal Opportunity Employer. All qualified applicants will receive consideration for employment without regard to race, color, religion, age, sex, sexual orientation, gender identity, national origin, protected veteran status, disability, or any other basis protected by federal, state, or local law.","","https://www.glassdoor.com/Overview/W-EI_IE1909.htm","https://media.glassdoor.com/sql/1909/staples-squarelogo-1561571335904.png","","","","","","","","","","",""
"gd-1010050539785","glassdoor","https://www.glassdoor.com/job-listing/j?jl=1010050539785","","Key Account Executive, Contract Furniture - Remote Draw (CO, KS, NE, OK)","Staples, Inc.","Edmond, OK","2026-03-02","","direct_data","yearly",74000.0,101000.0,"USD",False,"","","sponsored","","Must live in one of the following States: **Colorado/Kansas/Nebraska/Oklahoma**

  

Join Staples Furniture, a full\\-service company with a network of local distribution centers across the United States, committed to delivering personalized and environmentally responsible solutions. As part of the Staples family, we emphasize collaboration, innovation, and growth opportunities for professionals who thrive in a dynamic environment.


What you’ll be doing:

* Manage strategic accounts with regional, super\\-regional, and national footprints, ensuring exceptional service and growth.
* Lead weekly Customer Ownership Team calls to collaborate with support team members and address client needs.
* Visit customer locations to close furniture deals and introduce new products and service solutions.
* Identify and resolve account support weaknesses by developing value\\-added solutions with internal teams.
* Coordinate responses to high\\-priority account manager requests, including required site visits.
* Facilitate administrative work through Customer Success Consultants to maximize selling time.
* Communicate effectively with C\\-level executives, vendor partners, and internal customers.
* Develop and execute growth strategies for complex and high\\-touch accounts.


What you bring to the table:

* Professionalism at every level and a positive, vibrant attitude.
* Self\\-discipline and a strong desire to succeed, with attention to detail.
* Creative and solutions\\-oriented mindset, consistently seeking ways to add value.
* Advanced communication and collaboration skills, with the ability to coach and train team members.
* Higher math skillset and proficiency in MS Office.
* Documented success in managing large strategic accounts and achieving budget expectations.
* Experience in managing national, regional, or super\\-regional accounts.


What’s needed\\- Basic Qualifications:

* High school diploma or GED required
* Associate degree or some undergraduate education preferred.
* Minimum 4 years of business\\-to\\-business selling experience with Contract Furniture.
* Excellent customer service and interpersonal skills.
* Computer literate and proficient in MS Office.
* Prior experience in the office furniture industry or general knowledge of systems furniture preferred.
* Advanced verbal and written communication skills.
* Competitive Pay: **$74,000 \\- $101,000 – 8 mos weekly Draw**
* Expected annual earnings, based on historical performance of employees in this role, exceeds: **$250,000**. (This is a commission\\-based position.)
* Inclusive culture with associate\\-led Business Resource Groups
* Flexible PTO (22 days) and Holiday Schedule (7 observed paid holidays)
* Online and Retail Discounts, Company Match 401(k), Physical and Mental Health Wellness programs, and more perks and benefits


We Offer:

* Competitive Pay: **$74,000 \\- $101,000 – 8 mos weekly Draw**
* Expected annual earnings, based on historical performance of employees in this role, exceeds: **$250,000**. (This is a commission\\-based position.)
* Inclusive culture with associate\\-led Business Resource Groups
* Flexible PTO (22 days) and Holiday Schedule (7 observed paid holidays)
* Online and Retail Discounts, Company Match 401(k), Physical and Mental Health Wellness programs, and more perks and benefits


\\#HTF


It is unlawful in Massachusetts to require or administer a lie detector test as a condition of employment or continued employment. An employer who violates this law shall be subject to criminal penalties and civil liability.  


At Staples, “inclusion” is an action word. It represents what we do to ensure that all employees feel valued and supported to contribute to their fullest potential. When we operate inclusively, diversity naturally follows. This is why we work hard to foster an inclusive culture, as we seek employees with unique and varied perspectives and areas of expertise. The result is a better workplace and innovative thinking that helps us exceed our customers’ expectations – through the power of the people behind our iconic brand. Staples is an Equal Opportunity Employer. All qualified applicants will receive consideration for employment without regard to race, color, religion, age, sex, sexual orientation, gender identity, national origin, protected veteran status, disability, or any other basis protected by federal, state, or local law.","","https://www.glassdoor.com/Overview/W-EI_IE1909.htm","https://media.glassdoor.com/sql/1909/staples-squarelogo-1561571335904.png","","","","","","","","","","",""
"gd-1010050539809","glassdoor","https://www.glassdoor.com/job-listing/j?jl=1010050539809","","Key Account Executive, Contract Furniture - Remote Draw (CO, KS, NE, OK)","Staples, Inc.","Aurora, CO","2026-03-02","","direct_data","yearly",74000.0,101000.0,"USD",False,"","","sponsored","","Must live in one of the following States: **Colorado/Kansas/Nebraska/Oklahoma**

  

Join Staples Furniture, a full\\-service company with a network of local distribution centers across the United States, committed to delivering personalized and environmentally responsible solutions. As part of the Staples family, we emphasize collaboration, innovation, and growth opportunities for professionals who thrive in a dynamic environment.


What you’ll be doing:

* Manage strategic accounts with regional, super\\-regional, and national footprints, ensuring exceptional service and growth.
* Lead weekly Customer Ownership Team calls to collaborate with support team members and address client needs.
* Visit customer locations to close furniture deals and introduce new products and service solutions.
* Identify and resolve account support weaknesses by developing value\\-added solutions with internal teams.
* Coordinate responses to high\\-priority account manager requests, including required site visits.
* Facilitate administrative work through Customer Success Consultants to maximize selling time.
* Communicate effectively with C\\-level executives, vendor partners, and internal customers.
* Develop and execute growth strategies for complex and high\\-touch accounts.


What you bring to the table:

* Professionalism at every level and a positive, vibrant attitude.
* Self\\-discipline and a strong desire to succeed, with attention to detail.
* Creative and solutions\\-oriented mindset, consistently seeking ways to add value.
* Advanced communication and collaboration skills, with the ability to coach and train team members.
* Higher math skillset and proficiency in MS Office.
* Documented success in managing large strategic accounts and achieving budget expectations.
* Experience in managing national, regional, or super\\-regional accounts.


What’s needed\\- Basic Qualifications:

* High school diploma or GED required
* Associate degree or some undergraduate education preferred.
* Minimum 4 years of business\\-to\\-business selling experience with Contract Furniture.
* Excellent customer service and interpersonal skills.
* Computer literate and proficient in MS Office.
* Prior experience in the office furniture industry or general knowledge of systems furniture preferred.
* Advanced verbal and written communication skills.
* Competitive Pay: **$74,000 \\- $101,000 – 8 mos weekly Draw**
* Expected annual earnings, based on historical performance of employees in this role, exceeds: **$250,000**. (This is a commission\\-based position.)
* Inclusive culture with associate\\-led Business Resource Groups
* Flexible PTO (22 days) and Holiday Schedule (7 observed paid holidays)
* Online and Retail Discounts, Company Match 401(k), Physical and Mental Health Wellness programs, and more perks and benefits


We Offer:

* Competitive Pay: **$74,000 \\- $101,000 – 8 mos weekly Draw**
* Expected annual earnings, based on historical performance of employees in this role, exceeds: **$250,000**. (This is a commission\\-based position.)
* Inclusive culture with associate\\-led Business Resource Groups
* Flexible PTO (22 days) and Holiday Schedule (7 observed paid holidays)
* Online and Retail Discounts, Company Match 401(k), Physical and Mental Health Wellness programs, and more perks and benefits


\\#HTF


It is unlawful in Massachusetts to require or administer a lie detector test as a condition of employment or continued employment. An employer who violates this law shall be subject to criminal penalties and civil liability.  


At Staples, “inclusion” is an action word. It represents what we do to ensure that all employees feel valued and supported to contribute to their fullest potential. When we operate inclusively, diversity naturally follows. This is why we work hard to foster an inclusive culture, as we seek employees with unique and varied perspectives and areas of expertise. The result is a better workplace and innovative thinking that helps us exceed our customers’ expectations – through the power of the people behind our iconic brand. Staples is an Equal Opportunity Employer. All qualified applicants will receive consideration for employment without regard to race, color, religion, age, sex, sexual orientation, gender identity, national origin, protected veteran status, disability, or any other basis protected by federal, state, or local law.","","https://www.glassdoor.com/Overview/W-EI_IE1909.htm","https://media.glassdoor.com/sql/1909/staples-squarelogo-1561571335904.png","","","","","","","","","","",""
"gd-1010050539797","glassdoor","https://www.glassdoor.com/job-listing/j?jl=1010050539797","","Key Account Executive, Contract Furniture - Remote Draw (CO, KS, NE, OK)","Staples, Inc.","Overland Park, KS","2026-03-02","","direct_data","yearly",74000.0,101000.0,"USD",False,"","","sponsored","","Must live in one of the following States: **Colorado/Kansas/Nebraska/Oklahoma**

  

Join Staples Furniture, a full\\-service company with a network of local distribution centers across the United States, committed to delivering personalized and environmentally responsible solutions. As part of the Staples family, we emphasize collaboration, innovation, and growth opportunities for professionals who thrive in a dynamic environment.


What you’ll be doing:

* Manage strategic accounts with regional, super\\-regional, and national footprints, ensuring exceptional service and growth.
* Lead weekly Customer Ownership Team calls to collaborate with support team members and address client needs.
* Visit customer locations to close furniture deals and introduce new products and service solutions.
* Identify and resolve account support weaknesses by developing value\\-added solutions with internal teams.
* Coordinate responses to high\\-priority account manager requests, including required site visits.
* Facilitate administrative work through Customer Success Consultants to maximize selling time.
* Communicate effectively with C\\-level executives, vendor partners, and internal customers.
* Develop and execute growth strategies for complex and high\\-touch accounts.


What you bring to the table:

* Professionalism at every level and a positive, vibrant attitude.
* Self\\-discipline and a strong desire to succeed, with attention to detail.
* Creative and solutions\\-oriented mindset, consistently seeking ways to add value.
* Advanced communication and collaboration skills, with the ability to coach and train team members.
* Higher math skillset and proficiency in MS Office.
* Documented success in managing large strategic accounts and achieving budget expectations.
* Experience in managing national, regional, or super\\-regional accounts.


What’s needed\\- Basic Qualifications:

* High school diploma or GED required
* Associate degree or some undergraduate education preferred.
* Minimum 4 years of business\\-to\\-business selling experience with Contract Furniture.
* Excellent customer service and interpersonal skills.
* Computer literate and proficient in MS Office.
* Prior experience in the office furniture industry or general knowledge of systems furniture preferred.
* Advanced verbal and written communication skills.
* Competitive Pay: **$74,000 \\- $101,000 – 8 mos weekly Draw**
* Expected annual earnings, based on historical performance of employees in this role, exceeds: **$250,000**. (This is a commission\\-based position.)
* Inclusive culture with associate\\-led Business Resource Groups
* Flexible PTO (22 days) and Holiday Schedule (7 observed paid holidays)
* Online and Retail Discounts, Company Match 401(k), Physical and Mental Health Wellness programs, and more perks and benefits


We Offer:

* Competitive Pay: **$74,000 \\- $101,000 – 8 mos weekly Draw**
* Expected annual earnings, based on historical performance of employees in this role, exceeds: **$250,000**. (This is a commission\\-based position.)
* Inclusive culture with associate\\-led Business Resource Groups
* Flexible PTO (22 days) and Holiday Schedule (7 observed paid holidays)
* Online and Retail Discounts, Company Match 401(k), Physical and Mental Health Wellness programs, and more perks and benefits


\\#HTF


It is unlawful in Massachusetts to require or administer a lie detector test as a condition of employment or continued employment. An employer who violates this law shall be subject to criminal penalties and civil liability.  


At Staples, “inclusion” is an action word. It represents what we do to ensure that all employees feel valued and supported to contribute to their fullest potential. When we operate inclusively, diversity naturally follows. This is why we work hard to foster an inclusive culture, as we seek employees with unique and varied perspectives and areas of expertise. The result is a better workplace and innovative thinking that helps us exceed our customers’ expectations – through the power of the people behind our iconic brand. Staples is an Equal Opportunity Employer. All qualified applicants will receive consideration for employment without regard to race, color, religion, age, sex, sexual orientation, gender identity, national origin, protected veteran status, disability, or any other basis protected by federal, state, or local law.","","https://www.glassdoor.com/Overview/W-EI_IE1909.htm","https://media.glassdoor.com/sql/1909/staples-squarelogo-1561571335904.png","","","","","","","","","","",""
"gd-1010050539801","glassdoor","https://www.glassdoor.com/job-listing/j?jl=1010050539801","","Key Account Executive, Contract Furniture - Remote Draw (CO, KS, NE, OK)","Staples, Inc.","Tulsa, OK","2026-03-02","","direct_data","yearly",74000.0,101000.0,"USD",False,"","","sponsored","","Must live in one of the following States: **Colorado/Kansas/Nebraska/Oklahoma**

  

Join Staples Furniture, a full\\-service company with a network of local distribution centers across the United States, committed to delivering personalized and environmentally responsible solutions. As part of the Staples family, we emphasize collaboration, innovation, and growth opportunities for professionals who thrive in a dynamic environment.


What you’ll be doing:

* Manage strategic accounts with regional, super\\-regional, and national footprints, ensuring exceptional service and growth.
* Lead weekly Customer Ownership Team calls to collaborate with support team members and address client needs.
* Visit customer locations to close furniture deals and introduce new products and service solutions.
* Identify and resolve account support weaknesses by developing value\\-added solutions with internal teams.
* Coordinate responses to high\\-priority account manager requests, including required site visits.
* Facilitate administrative work through Customer Success Consultants to maximize selling time.
* Communicate effectively with C\\-level executives, vendor partners, and internal customers.
* Develop and execute growth strategies for complex and high\\-touch accounts.


What you bring to the table:

* Professionalism at every level and a positive, vibrant attitude.
* Self\\-discipline and a strong desire to succeed, with attention to detail.
* Creative and solutions\\-oriented mindset, consistently seeking ways to add value.
* Advanced communication and collaboration skills, with the ability to coach and train team members.
* Higher math skillset and proficiency in MS Office.
* Documented success in managing large strategic accounts and achieving budget expectations.
* Experience in managing national, regional, or super\\-regional accounts.


What’s needed\\- Basic Qualifications:

* High school diploma or GED required
* Associate degree or some undergraduate education preferred.
* Minimum 4 years of business\\-to\\-business selling experience with Contract Furniture.
* Excellent customer service and interpersonal skills.
* Computer literate and proficient in MS Office.
* Prior experience in the office furniture industry or general knowledge of systems furniture preferred.
* Advanced verbal and written communication skills.
* Competitive Pay: **$74,000 \\- $101,000 – 8 mos weekly Draw**
* Expected annual earnings, based on historical performance of employees in this role, exceeds: **$250,000**. (This is a commission\\-based position.)
* Inclusive culture with associate\\-led Business Resource Groups
* Flexible PTO (22 days) and Holiday Schedule (7 observed paid holidays)
* Online and Retail Discounts, Company Match 401(k), Physical and Mental Health Wellness programs, and more perks and benefits


We Offer:

* Competitive Pay: **$74,000 \\- $101,000 – 8 mos weekly Draw**
* Expected annual earnings, based on historical performance of employees in this role, exceeds: **$250,000**. (This is a commission\\-based position.)
* Inclusive culture with associate\\-led Business Resource Groups
* Flexible PTO (22 days) and Holiday Schedule (7 observed paid holidays)
* Online and Retail Discounts, Company Match 401(k), Physical and Mental Health Wellness programs, and more perks and benefits


\\#HTF


It is unlawful in Massachusetts to require or administer a lie detector test as a condition of employment or continued employment. An employer who violates this law shall be subject to criminal penalties and civil liability.  


At Staples, “inclusion” is an action word. It represents what we do to ensure that all employees feel valued and supported to contribute to their fullest potential. When we operate inclusively, diversity naturally follows. This is why we work hard to foster an inclusive culture, as we seek employees with unique and varied perspectives and areas of expertise. The result is a better workplace and innovative thinking that helps us exceed our customers’ expectations – through the power of the people behind our iconic brand. Staples is an Equal Opportunity Employer. All qualified applicants will receive consideration for employment without regard to race, color, religion, age, sex, sexual orientation, gender identity, national origin, protected veteran status, disability, or any other basis protected by federal, state, or local law.","","https://www.glassdoor.com/Overview/W-EI_IE1909.htm","https://media.glassdoor.com/sql/1909/staples-squarelogo-1561571335904.png","","","","","","","","","","",""
"gd-1010050539813","glassdoor","https://www.glassdoor.com/job-listing/j?jl=1010050539813","","Key Account Executive, Contract Furniture - Remote Draw (CO, KS, NE, OK)","Staples, Inc.","Colorado Springs, CO","2026-03-02","","direct_data","yearly",74000.0,101000.0,"USD",False,"","","sponsored","","Must live in one of the following States: **Colorado/Kansas/Nebraska/Oklahoma**

  

Join Staples Furniture, a full\\-service company with a network of local distribution centers across the United States, committed to delivering personalized and environmentally responsible solutions. As part of the Staples family, we emphasize collaboration, innovation, and growth opportunities for professionals who thrive in a dynamic environment.


What you’ll be doing:

* Manage strategic accounts with regional, super\\-regional, and national footprints, ensuring exceptional service and growth.
* Lead weekly Customer Ownership Team calls to collaborate with support team members and address client needs.
* Visit customer locations to close furniture deals and introduce new products and service solutions.
* Identify and resolve account support weaknesses by developing value\\-added solutions with internal teams.
* Coordinate responses to high\\-priority account manager requests, including required site visits.
* Facilitate administrative work through Customer Success Consultants to maximize selling time.
* Communicate effectively with C\\-level executives, vendor partners, and internal customers.
* Develop and execute growth strategies for complex and high\\-touch accounts.


What you bring to the table:

* Professionalism at every level and a positive, vibrant attitude.
* Self\\-discipline and a strong desire to succeed, with attention to detail.
* Creative and solutions\\-oriented mindset, consistently seeking ways to add value.
* Advanced communication and collaboration skills, with the ability to coach and train team members.
* Higher math skillset and proficiency in MS Office.
* Documented success in managing large strategic accounts and achieving budget expectations.
* Experience in managing national, regional, or super\\-regional accounts.


What’s needed\\- Basic Qualifications:

* High school diploma or GED required
* Associate degree or some undergraduate education preferred.
* Minimum 4 years of business\\-to\\-business selling experience with Contract Furniture.
* Excellent customer service and interpersonal skills.
* Computer literate and proficient in MS Office.
* Prior experience in the office furniture industry or general knowledge of systems furniture preferred.
* Advanced verbal and written communication skills.
* Competitive Pay: **$74,000 \\- $101,000 – 8 mos weekly Draw**
* Expected annual earnings, based on historical performance of employees in this role, exceeds: **$250,000**. (This is a commission\\-based position.)
* Inclusive culture with associate\\-led Business Resource Groups
* Flexible PTO (22 days) and Holiday Schedule (7 observed paid holidays)
* Online and Retail Discounts, Company Match 401(k), Physical and Mental Health Wellness programs, and more perks and benefits


We Offer:

* Competitive Pay: **$74,000 \\- $101,000 – 8 mos weekly Draw**
* Expected annual earnings, based on historical performance of employees in this role, exceeds: **$250,000**. (This is a commission\\-based position.)
* Inclusive culture with associate\\-led Business Resource Groups
* Flexible PTO (22 days) and Holiday Schedule (7 observed paid holidays)
* Online and Retail Discounts, Company Match 401(k), Physical and Mental Health Wellness programs, and more perks and benefits


\\#HTF


It is unlawful in Massachusetts to require or administer a lie detector test as a condition of employment or continued employment. An employer who violates this law shall be subject to criminal penalties and civil liability.  


At Staples, “inclusion” is an action word. It represents what we do to ensure that all employees feel valued and supported to contribute to their fullest potential. When we operate inclusively, diversity naturally follows. This is why we work hard to foster an inclusive culture, as we seek employees with unique and varied perspectives and areas of expertise. The result is a better workplace and innovative thinking that helps us exceed our customers’ expectations – through the power of the people behind our iconic brand. Staples is an Equal Opportunity Employer. All qualified applicants will receive consideration for employment without regard to race, color, religion, age, sex, sexual orientation, gender identity, national origin, protected veteran status, disability, or any other basis protected by federal, state, or local law.","","https://www.glassdoor.com/Overview/W-EI_IE1909.htm","https://media.glassdoor.com/sql/1909/staples-squarelogo-1561571335904.png","","","","","","","","","","",""
"gd-1010050539805","glassdoor","https://www.glassdoor.com/job-listing/j?jl=1010050539805","","Key Account Executive, Contract Furniture - Remote Draw (CO, KS, NE, OK)","Staples, Inc.","Kearney, NE","2026-03-02","","direct_data","yearly",74000.0,101000.0,"USD",False,"","","sponsored","","Must live in one of the following States: **Colorado/Kansas/Nebraska/Oklahoma**

  

Join Staples Furniture, a full\\-service company with a network of local distribution centers across the United States, committed to delivering personalized and environmentally responsible solutions. As part of the Staples family, we emphasize collaboration, innovation, and growth opportunities for professionals who thrive in a dynamic environment.


What you’ll be doing:

* Manage strategic accounts with regional, super\\-regional, and national footprints, ensuring exceptional service and growth.
* Lead weekly Customer Ownership Team calls to collaborate with support team members and address client needs.
* Visit customer locations to close furniture deals and introduce new products and service solutions.
* Identify and resolve account support weaknesses by developing value\\-added solutions with internal teams.
* Coordinate responses to high\\-priority account manager requests, including required site visits.
* Facilitate administrative work through Customer Success Consultants to maximize selling time.
* Communicate effectively with C\\-level executives, vendor partners, and internal customers.
* Develop and execute growth strategies for complex and high\\-touch accounts.


What you bring to the table:

* Professionalism at every level and a positive, vibrant attitude.
* Self\\-discipline and a strong desire to succeed, with attention to detail.
* Creative and solutions\\-oriented mindset, consistently seeking ways to add value.
* Advanced communication and collaboration skills, with the ability to coach and train team members.
* Higher math skillset and proficiency in MS Office.
* Documented success in managing large strategic accounts and achieving budget expectations.
* Experience in managing national, regional, or super\\-regional accounts.


What’s needed\\- Basic Qualifications:

* High school diploma or GED required
* Associate degree or some undergraduate education preferred.
* Minimum 4 years of business\\-to\\-business selling experience with Contract Furniture.
* Excellent customer service and interpersonal skills.
* Computer literate and proficient in MS Office.
* Prior experience in the office furniture industry or general knowledge of systems furniture preferred.
* Advanced verbal and written communication skills.
* Competitive Pay: **$74,000 \\- $101,000 – 8 mos weekly Draw**
* Expected annual earnings, based on historical performance of employees in this role, exceeds: **$250,000**. (This is a commission\\-based position.)
* Inclusive culture with associate\\-led Business Resource Groups
* Flexible PTO (22 days) and Holiday Schedule (7 observed paid holidays)
* Online and Retail Discounts, Company Match 401(k), Physical and Mental Health Wellness programs, and more perks and benefits


We Offer:

* Competitive Pay: **$74,000 \\- $101,000 – 8 mos weekly Draw**
* Expected annual earnings, based on historical performance of employees in this role, exceeds: **$250,000**. (This is a commission\\-based position.)
* Inclusive culture with associate\\-led Business Resource Groups
* Flexible PTO (22 days) and Holiday Schedule (7 observed paid holidays)
* Online and Retail Discounts, Company Match 401(k), Physical and Mental Health Wellness programs, and more perks and benefits


\\#HTF


It is unlawful in Massachusetts to require or administer a lie detector test as a condition of employment or continued employment. An employer who violates this law shall be subject to criminal penalties and civil liability.  


At Staples, “inclusion” is an action word. It represents what we do to ensure that all employees feel valued and supported to contribute to their fullest potential. When we operate inclusively, diversity naturally follows. This is why we work hard to foster an inclusive culture, as we seek employees with unique and varied perspectives and areas of expertise. The result is a better workplace and innovative thinking that helps us exceed our customers’ expectations – through the power of the people behind our iconic brand. Staples is an Equal Opportunity Employer. All qualified applicants will receive consideration for employment without regard to race, color, religion, age, sex, sexual orientation, gender identity, national origin, protected veteran status, disability, or any other basis protected by federal, state, or local law.","","https://www.glassdoor.com/Overview/W-EI_IE1909.htm","https://media.glassdoor.com/sql/1909/staples-squarelogo-1561571335904.png","","","","","","","","","","",""
"gd-1010050539811","glassdoor","https://www.glassdoor.com/job-listing/j?jl=1010050539811","","Key Account Executive, Contract Furniture - Remote Draw (CO, KS, NE, OK)","Staples, Inc.","Topeka, KS","2026-03-02","","direct_data","yearly",74000.0,101000.0,"USD",False,"","","sponsored","","Must live in one of the following States: **Colorado/Kansas/Nebraska/Oklahoma**

  

Join Staples Furniture, a full\\-service company with a network of local distribution centers across the United States, committed to delivering personalized and environmentally responsible solutions. As part of the Staples family, we emphasize collaboration, innovation, and growth opportunities for professionals who thrive in a dynamic environment.


What you’ll be doing:

* Manage strategic accounts with regional, super\\-regional, and national footprints, ensuring exceptional service and growth.
* Lead weekly Customer Ownership Team calls to collaborate with support team members and address client needs.
* Visit customer locations to close furniture deals and introduce new products and service solutions.
* Identify and resolve account support weaknesses by developing value\\-added solutions with internal teams.
* Coordinate responses to high\\-priority account manager requests, including required site visits.
* Facilitate administrative work through Customer Success Consultants to maximize selling time.
* Communicate effectively with C\\-level executives, vendor partners, and internal customers.
* Develop and execute growth strategies for complex and high\\-touch accounts.


What you bring to the table:

* Professionalism at every level and a positive, vibrant attitude.
* Self\\-discipline and a strong desire to succeed, with attention to detail.
* Creative and solutions\\-oriented mindset, consistently seeking ways to add value.
* Advanced communication and collaboration skills, with the ability to coach and train team members.
* Higher math skillset and proficiency in MS Office.
* Documented success in managing large strategic accounts and achieving budget expectations.
* Experience in managing national, regional, or super\\-regional accounts.


What’s needed\\- Basic Qualifications:

* High school diploma or GED required
* Associate degree or some undergraduate education preferred.
* Minimum 4 years of business\\-to\\-business selling experience with Contract Furniture.
* Excellent customer service and interpersonal skills.
* Computer literate and proficient in MS Office.
* Prior experience in the office furniture industry or general knowledge of systems furniture preferred.
* Advanced verbal and written communication skills.
* Competitive Pay: **$74,000 \\- $101,000 – 8 mos weekly Draw**
* Expected annual earnings, based on historical performance of employees in this role, exceeds: **$250,000**. (This is a commission\\-based position.)
* Inclusive culture with associate\\-led Business Resource Groups
* Flexible PTO (22 days) and Holiday Schedule (7 observed paid holidays)
* Online and Retail Discounts, Company Match 401(k), Physical and Mental Health Wellness programs, and more perks and benefits


We Offer:

* Competitive Pay: **$74,000 \\- $101,000 – 8 mos weekly Draw**
* Expected annual earnings, based on historical performance of employees in this role, exceeds: **$250,000**. (This is a commission\\-based position.)
* Inclusive culture with associate\\-led Business Resource Groups
* Flexible PTO (22 days) and Holiday Schedule (7 observed paid holidays)
* Online and Retail Discounts, Company Match 401(k), Physical and Mental Health Wellness programs, and more perks and benefits


\\#HTF


It is unlawful in Massachusetts to require or administer a lie detector test as a condition of employment or continued employment. An employer who violates this law shall be subject to criminal penalties and civil liability.  


At Staples, “inclusion” is an action word. It represents what we do to ensure that all employees feel valued and supported to contribute to their fullest potential. When we operate inclusively, diversity naturally follows. This is why we work hard to foster an inclusive culture, as we seek employees with unique and varied perspectives and areas of expertise. The result is a better workplace and innovative thinking that helps us exceed our customers’ expectations – through the power of the people behind our iconic brand. Staples is an Equal Opportunity Employer. All qualified applicants will receive consideration for employment without regard to race, color, religion, age, sex, sexual orientation, gender identity, national origin, protected veteran status, disability, or any other basis protected by federal, state, or local law.","","https://www.glassdoor.com/Overview/W-EI_IE1909.htm","https://media.glassdoor.com/sql/1909/staples-squarelogo-1561571335904.png","","","","","","","","","","",""
"gd-1010050539798","glassdoor","https://www.glassdoor.com/job-listing/j?jl=1010050539798","","Key Account Executive, Contract Furniture - Remote Draw (CO, KS, NE, OK)","Staples, Inc.","Fort Collins, CO","2026-03-02","","direct_data","yearly",74000.0,101000.0,"USD",False,"","","sponsored","","","","https://www.glassdoor.com/Overview/W-EI_IE1909.htm","https://media.glassdoor.com/sql/1909/staples-squarelogo-1561571335904.png","","","","","","","","","","",""
"gd-1010049544454","glassdoor","https://www.glassdoor.com/job-listing/j?jl=1010049544454","","Corporate Sales Manager | Compliance Solutions | Mid- Enterprise","ADP","Home, PA","2026-03-01","","direct_data","yearly",68400.0,148100.0,"USD",False,"","","sponsored","","Related Searches: Sales, Marketing, Territory, Region, District, Customer Service, Business\\-to\\-Business, Human Capital Management, HCM Payroll, Time and Labor, Interview, Job Description, Position, Jobs, Work


**Unlock Your Career Potential: Sales at ADP.** It takes a relentless team to lead an industry. ADP's world\\-class sales team is driving our global growth as a worldwide leader of workforce solutions. If you believe in the power of relationships, we'll give you the tools, training and support you need to connect with new and current customers, ranging from Fortune 100 corporations to small start\\-ups. And as you achieve success, you'll enjoy the rewards, support and recognition you deserve.


**ADP is hiring a National Accounts Sales Representative.** In this position, you'll identify and cultivate new prospects with 1,000 or more employees in your territory, cross\\-sell solutions to existing clients, and effectively close sales, with the support of exceptional sales training and the rewards of advancement opportunities and industry\\-leading compensation, benefits and awards.


We strive for every interaction to be driven by our **CORE** values: **Insightful Expertise, Integrity is Everything, Service Excellence, Inspiring Innovation, Each Person Counts, Results\\-Driven, and Social Responsibility.**


**RESPONSIBILITIES:**


* Reach or exceed assigned sales goals
* Implement sales strategies
* Develop and execute a cold calling strategy to target prospects
* Mine existing and prospective clients for referral business
* Establish and maintain good customer relations, with both internal and external customers
* Connect customers' business needs with ADP products and services
* Cross\\-sell other ADP solutions to existing clients
* Build network in person and via phone with key decision makers in a designated territory


**QUALIFICATIONS REQUIRED:**


* Five or more years of work experience


**PREFERRED QUALIFICATIONS:** Preference will be given to candidates who have the following:


* Associate or bachelor's degree is Preferred
* Experience working on a sales quota
* Demonstrated ability to exceed sales quotas
* Business\\-to\\-business experience in (HCM) human capital management, payroll, HR solutions, HRBPO or talent management
* Goal oriented and ambitious, with capacity and drive to reach and exceed quotas
* Demonstrated cold calling sales ability, with assertive, positive and persistent style
* Proven customer service and relationship building skills
* Ability to effectively communicate through all mediums (verbal, listening, written)
* Aptitude for acquiring sales skills and product knowledge
* Organized, with effective time management skills
* Ability to work independently and with a team
* General business acumen
* Mature and self\\-confident
* Capacity to work under pressure
* Strong work ethic
* Committed to building a career path


Base salary offers for this position may vary based on factors such as location, skills, and relevant experience. Some positions may include additional compensation in the form of bonus, equity or commissions. We offer the following benefits: Medical, Dental, Vision, Life Insurance, Matched Retirement Savings, Wellness Program, Short\\-and Long\\-Term Disability, Charitable Contribution Match, Holidays, Personal Days \\& Vacation, Paid Volunteer Time Off, and more. The compensation for this role is USD $68,400\\.00 \\- USD $148,100\\.00 / Year\\*  

  

* Actual compensation will not be less than the applicable minimum wage or minimum exempt salary requirement under federal, state and local laws.

  

**A little about ADP:** We are a comprehensive global provider of cloud\\-based human capital management (HCM) solutions that unite HR, payroll, talent, time, tax and benefits administration and a leader in business outsourcing services, analytics, and compliance expertise. We believe our people make all the difference in cultivating a down\\-to\\-earth culture that embraces our core values, welcomes ideas, encourages innovation, and values belonging. We've received recognition for our work by many esteemed organizations, learn more at ADP Awards and Recognition.


**Diversity, Equity, Inclusion \\& Equal Employment Opportunity at ADP:** ADP is committed to an inclusive, diverse and equitable workplace, and is further committed to providing equal employment opportunities regardless of any protected characteristic including: race, color, genetic information, creed, national origin, religion, sex, affectional or sexual orientation, gender identity or expression, lawful alien status, ancestry, age, marital status, protected veteran status or disability. Hiring decisions are based upon ADP’s operating needs, and applicant merit including, but not limited to, qualifications, experience, ability, availability, cooperation, and job performance.


**Ethics at ADP:** ADP has a long, proud history of conducting business with the highest ethical standards and full compliance with all applicable laws. We also expect our people to uphold our values with the highest level of integrity and behave in a manner that fosters an honest and respectful workplace. Click https://jobs.adp.com/life\\-at\\-adp/ to learn more about ADP’s culture and our full set of values.","","https://www.glassdoor.com/Overview/W-EI_IE64.htm","https://media.glassdoor.com/sql/64/adp-squareLogo-1731078450688.png","","","","","","","","","","",""
"gd-1010049544345","glassdoor","https://www.glassdoor.com/job-listing/j?jl=1010049544345","","Enterprise Sales Manager Hunter","ADP","Manhattan","2026-03-01","","direct_data","yearly",68400.0,148100.0,"USD",False,"","","sponsored","","ADP is hiring anâ¯Enterprise Sales Manager \\- Hunter (1\\-3k)


* ***Are you ready to control your financial future with unlimited upside earnings potential?***
* ***Do you want a lasting career with a company that offers autonomy to run a book of business, flexibility to make your own schedule, and gives you work\\-life balance?***
* ***Are you looking for continuous learning and the opportunity to invest in yourself?***

If so, then this may be just the opportunity you've been searching for. Read on and decide for yourself.


The world's largest companies \\- including 80% of the Fortune 500 \\- count on our Human Capital Management solutions. As a Enterprise Sales Manager Major Market, you'll grow new market share for ADP's cloud\\-based Human Resources solutions to major market prospects (1,000 \\- 3,000 or more employees) within a defined territory. You will bring proven expertise and responsiveness to the table every day on a team dedicated to unparalleled partnership and unwavering relationships with our clients and prospects. We are passionate and committed to our current and future clients' success in the ever\\-changing world of work.


Sales Representatives for Enterprise Accounts are collaborative. Rarely will a deal be sold without internal partnering. If you are a self\\-professed lone wolf salesperson, this will not be the role for you. If you thrive being part of a team, however, then this career opportunity not only offers significant earnings potential but maximum exposure for career advancement. We will support your personal training and development in an informal, diverse, non\\-bureaucratic environment that is sensitive to work\\-family and flexible\\-schedules.


Ready to \\#MakeYourMark? **Apply now!**


**To learn more about Sales at ADP**, watch here: http://adp.careers/Sales\\_Videos


**WHAT YOU'LL DO:â¯***Responsibilities*â¯

  

* **Grow Our Business While Growing Yours.** You will work independently and collaboratively as part of various teams within your assigned geography to close sales, win business, and reach sales goals.
* **Turn Prospects into Loyal Clients and Raving Fans.** You will implement a sales strategy targeted to decision\\-makers and business owners to build a network and capture new business.
* **Deepen Relationships Across the ADP Family.** In addition to selling cloud\\-based human resources solutions, you will strategically cultivate additional business within existing accounts. But it's not all business; you will make life\\-long friendships here.
* **Collaborate Daily.** You will serve as a trusted advisor, partner, and ADP ambassador to your clients, internal partners, and overall network while demonstrating grace under pressure and the highest ethical standards.

**TO SUCCEED IN THIS ROLE**:â¯Required Qualifications


* **Experienced****.**â¯You have 10 \\- 15 years of sales experience along with an impressive track record of closing sales, winning clients, and managing a territory.â¯You have demonstrated a proven ability to sell complex solutions and to effectively prospect at the Executive level. You have keen discovery skills and a desire to challenge prospects to improve their business processes. You also have demonstrated success in a team\\-selling environment.
* **Persuasive Communicator**. You will use your excellent sales skills with a high level of proficiency in persuasive communications. You're also skilled in effective use of CRM.
* **Results Driven**. You possess an excellent work ethic, motivation, and leadership skills.
**BONUS POINTS FOR THESE:** *Preferred Qualifications*


* Human Capital Management Sales, HCM, HR
* Outsourcing Sales Experience
* Hunter Mentality
* Enterprise Resource Planning (ERP)
* Workforce Management

â¯**YOU'LL LOVE WORKING HERE BECAUSE YOU CAN:**


* **Be yourself**in a culture that values equity, inclusion, and belonging and creates a safe space for diverse perspectives and insights.
* **Belong** by joining one of our Business Resource Groups where you can connect globally with networks and allies who share common interests and experiences.
* **Grow your career** in an agile, fast\\-paced environment with plenty of opportunities to progress.
* **Continuously learn.**Ongoing training, development, and mentorship opportunities for even the most insatiable learner.
* **Be your healthiest.**Best\\-in\\-class benefits start on Day 1 because healthy associates are happy ones.
* **Balance work and life.**Resources and flexibility to more easily integrate your work and your life.
* **Focus on your mental health and well\\-being.**We're here to provide exceptional service to our clients, and none of that happens without each of us taking care of ourselves and being there for one another.
* **Join a company committed to giving back** andâ¯generating a lasting, positive impact**â¯**upon the communities in which we work and live.â¯
* **Get paid to pay it forward.**Company\\-paid time off for volunteering for causes you care about.

What are you waiting for? **Apply today!**


Base salary offers for this position may vary based on factors such as location, skills, and relevant experience. Some positions may include additional compensation in the form of bonus, equity or commissions. We offer the following benefits: Medical, Dental, Vision, Life Insurance, Matched Retirement Savings, Wellness Program, Short\\-and Long\\-Term Disability, Charitable Contribution Match, Holidays, Personal Days \\& Vacation, Paid Volunteer Time Off, and more. The compensation for this role is USD $68,400\\.00 \\- USD $148,100\\.00 / Year\\*  

  

* Actual compensation will not be less than the applicable minimum wage or minimum exempt salary requirement under federal, state and local laws.

  

**A little about ADP:** We are a comprehensive global provider of cloud\\-based human capital management (HCM) solutions that unite HR, payroll, talent, time, tax and benefits administration and a leader in business outsourcing services, analytics, and compliance expertise. We believe our people make all the difference in cultivating a down\\-to\\-earth culture that embraces our core values, welcomes ideas, encourages innovation, and values belonging. We've received recognition for our work by many esteemed organizations, learn more at ADP Awards and Recognition.


**Diversity, Equity, Inclusion \\& Equal Employment Opportunity at ADP:** ADP is committed to an inclusive, diverse and equitable workplace, and is further committed to providing equal employment opportunities regardless of any protected characteristic including: race, color, genetic information, creed, national origin, religion, sex, affectional or sexual orientation, gender identity or expression, lawful alien status, ancestry, age, marital status, protected veteran status or disability. Hiring decisions are based upon ADP’s operating needs, and applicant merit including, but not limited to, qualifications, experience, ability, availability, cooperation, and job performance.


**Ethics at ADP:** ADP has a long, proud history of conducting business with the highest ethical standards and full compliance with all applicable laws. We also expect our people to uphold our values with the highest level of integrity and behave in a manner that fosters an honest and respectful workplace. Click https://jobs.adp.com/life\\-at\\-adp/ to learn more about ADP’s culture and our full set of values.","","https://www.glassdoor.com/Overview/W-EI_IE64.htm","https://media.glassdoor.com/sql/64/adp-squareLogo-1731078450688.png","","","","","","","","","","",""
"gd-1010049544720","glassdoor","https://www.glassdoor.com/job-listing/j?jl=1010049544720","","Activation Channel Manager – IBM Software","Arrow Electronics, Inc.","Beaverton, OR","2026-03-01","","direct_data","yearly",126300.0,150153.0,"USD",False,"","","sponsored","","**Position:**
=============


Activation Channel Manager – IBM Software**Job Description:**
====================


Arrow ECS is looking for an Activation Channel Manager that will be supporting IBM’s Software Portfolio. The primary focus of this position will be to activate and grow new accounts.

**What You’ll Be Doing:**

* Responsible for the day\\-to\\-day sales support and customer service activities for assigned accounts, territory, or product(s). Focuses on growing and developing new business; proactively calls and engages partners to grow sales for assigned accounts and rebuilding of underpenetrated and neglected relationships with Arrow customers. This position will call on customers; provide product information, and follow\\-up on quotes to close business for Arrow. Identifies, enables and develops high\\-potential and non\\-repeat partners. Determines and understands customers’ requirements for Arrow product offerings and services. Translates products and promotions into benefits for a customer. Provides alternative products and solutions. Serves as a liaison between Arrow’s internal resources (field sales, engineering, supplier marketing, manufacturing facilities, purchasing and other corporate departments), vendor resources and customers. Demonstrates a proactive approach and sense of urgency on our customers’ behalf, anticipates our customers’ requirements and communicates efforts in a timely and effective manner.
* Demand Generation and Customer Opportunity Support: Drives sales growth through new customer rebuilding of underpenetrated and neglected relationships. Focuses on growing and developing new business; proactively calls and engages partners to grow sales for assigned accounts. Identifies, enables and develops high\\-potential and non\\-repeat partners. Generates leads and follows\\-up on leads obtained through suppliers and Arrow internal sources. Qualifies prospects, analyzes sales potential, and then prioritizes high\\-return opportunities for further attention/investment.
* Leverages Arrow and vendor programs and promotions to progress a transaction through the sales cycle. Manages vendor special pricing programs including; submissions for pricing request and any data or program dependencies, tracking requests for approval, logging of all submissions and results, and notification to the customers of any outstanding or expiring requests. Involves other resources (field, brand, engineering, financing, vendor, etc) to address issues. May use resources such as salesforce.com to accomplish job duties.
* This job profile requires the assignment and participation in a sales compensation plan. A portion of OTE will be variable and tied to specific sales\\-related goals as set forth by Arrow.
* This position will require travel a minimum of 30% of the time.

**What We’re Looking For:**

* A minimum of 5 years of experience selling in the IT Sales Channel
* Experience with the IBM software portfolio is preferred
* A self\\-starter who can work well independently and as a team
* Requires in\\-depth knowledge and experience
* Solves complex problems; takes a new perspective using existing solutions
* Works independently; receives minimal guidance
* Acts as a resource for colleagues with less experience
* Represents the level at which career may stabilize for many years or even until retirement
* Uses best practices and knowledge of internal or external business issues to improve products/services or processes
* Typically resolves complex problems or problems where precedent may not exist
* Often leads the work of project teams; may formally train junior staff
* Typically requires a minimum of 8 years of related experience with a 4 year degree; or 6 years and an advanced degree; or equivalent experience.

**Work Arrangement**


Fully Remote; Must be able to travel to an Arrow office location as requested by Arrow leadership.

**What’s In It For You:**


At Arrow, we recognize that financial rewards and great benefits are important aspects of an ideal job. That’s why we offer competitive financial compensation, including various compensation plans and a solid benefits package.

* Medical, Dental, Vision Insurance
* 401k, With Matching Contributions
* Short\\-Term/Long\\-Term Disability Insurance
* Health Savings Account (HSA)/Health Reimbursement Account (HRA) Options
* Paid Time Off (including sick, holiday, vacation, etc.)
* Tuition Reimbursement
* Growth Opportunities
* And more!

**Annual Hiring Range/Hourly Rate:**
====================================


$126,300\\.00 \\- $150,152\\.99
Actual compensation offer to candidate may vary from posted hiring range based upon geographic location, work experience, education, and/or skill level. The pay ratio between base pay and target incentive (if applicable) will be finalized at offer.

**Location:**
=============


US\\-GA\\-Georgia (Remote Employees)  


Remote work employees may be required to be present at the closest designated Arrow office for work\\-related purposes, at the Company’s request and sole discretion.**Time Type:**
==============


Full time**Job Category:**
=================


Sales**EEO Statement:**
==================


Arrow is an equal opportunity employer. All applicants will be considered for employment without attention to race, color, religion, gender, age, sexual orientation, gender identity, national origin, veteran or disability status. (Arrow EEO/AAP policy)

 *We anticipate this requisition will be open for a minimum of five days, though it may be open for a longer period of time. We encourage your prompt application.*

*In any materials you submit, you may redact or remove age\\-identifying information such as age, date of birth, or dates of school attendance or graduation. You will not be penalized for redacting or removing this information.*","","https://www.glassdoor.com/Overview/W-EI_IE56.htm","https://media.glassdoor.com/sql/56/arrow-electronics-squarelogo-1586816695490.png","","","","","","","","","","",""
"gd-1010049544473","glassdoor","https://www.glassdoor.com/job-listing/j?jl=1010049544473","","Corporate Sales Manager | Compliance Solutions | Mid- Enterprise","ADP","Fresno, CA","2026-03-01","","direct_data","yearly",68400.0,148100.0,"USD",False,"","","sponsored","","Related Searches: Sales, Marketing, Territory, Region, District, Customer Service, Business\\-to\\-Business, Human Capital Management, HCM Payroll, Time and Labor, Interview, Job Description, Position, Jobs, Work


**Unlock Your Career Potential: Sales at ADP.** It takes a relentless team to lead an industry. ADP's world\\-class sales team is driving our global growth as a worldwide leader of workforce solutions. If you believe in the power of relationships, we'll give you the tools, training and support you need to connect with new and current customers, ranging from Fortune 100 corporations to small start\\-ups. And as you achieve success, you'll enjoy the rewards, support and recognition you deserve.


**ADP is hiring a National Accounts Sales Representative.** In this position, you'll identify and cultivate new prospects with 1,000 or more employees in your territory, cross\\-sell solutions to existing clients, and effectively close sales, with the support of exceptional sales training and the rewards of advancement opportunities and industry\\-leading compensation, benefits and awards.


We strive for every interaction to be driven by our **CORE** values: **Insightful Expertise, Integrity is Everything, Service Excellence, Inspiring Innovation, Each Person Counts, Results\\-Driven, and Social Responsibility.**


**RESPONSIBILITIES:**


* Reach or exceed assigned sales goals
* Implement sales strategies
* Develop and execute a cold calling strategy to target prospects
* Mine existing and prospective clients for referral business
* Establish and maintain good customer relations, with both internal and external customers
* Connect customers' business needs with ADP products and services
* Cross\\-sell other ADP solutions to existing clients
* Build network in person and via phone with key decision makers in a designated territory


**QUALIFICATIONS REQUIRED:**


* Five or more years of work experience


**PREFERRED QUALIFICATIONS:** Preference will be given to candidates who have the following:


* Associate or bachelor's degree is Preferred
* Experience working on a sales quota
* Demonstrated ability to exceed sales quotas
* Business\\-to\\-business experience in (HCM) human capital management, payroll, HR solutions, HRBPO or talent management
* Goal oriented and ambitious, with capacity and drive to reach and exceed quotas
* Demonstrated cold calling sales ability, with assertive, positive and persistent style
* Proven customer service and relationship building skills
* Ability to effectively communicate through all mediums (verbal, listening, written)
* Aptitude for acquiring sales skills and product knowledge
* Organized, with effective time management skills
* Ability to work independently and with a team
* General business acumen
* Mature and self\\-confident
* Capacity to work under pressure
* Strong work ethic
* Committed to building a career path


Base salary offers for this position may vary based on factors such as location, skills, and relevant experience. Some positions may include additional compensation in the form of bonus, equity or commissions. We offer the following benefits: Medical, Dental, Vision, Life Insurance, Matched Retirement Savings, Wellness Program, Short\\-and Long\\-Term Disability, Charitable Contribution Match, Holidays, Personal Days \\& Vacation, Paid Volunteer Time Off, and more. The compensation for this role is USD $68,400\\.00 \\- USD $148,100\\.00 / Year\\*  

  

* Actual compensation will not be less than the applicable minimum wage or minimum exempt salary requirement under federal, state and local laws.

  

**A little about ADP:** We are a comprehensive global provider of cloud\\-based human capital management (HCM) solutions that unite HR, payroll, talent, time, tax and benefits administration and a leader in business outsourcing services, analytics, and compliance expertise. We believe our people make all the difference in cultivating a down\\-to\\-earth culture that embraces our core values, welcomes ideas, encourages innovation, and values belonging. We've received recognition for our work by many esteemed organizations, learn more at ADP Awards and Recognition.


**Diversity, Equity, Inclusion \\& Equal Employment Opportunity at ADP:** ADP is committed to an inclusive, diverse and equitable workplace, and is further committed to providing equal employment opportunities regardless of any protected characteristic including: race, color, genetic information, creed, national origin, religion, sex, affectional or sexual orientation, gender identity or expression, lawful alien status, ancestry, age, marital status, protected veteran status or disability. Hiring decisions are based upon ADP’s operating needs, and applicant merit including, but not limited to, qualifications, experience, ability, availability, cooperation, and job performance.


**Ethics at ADP:** ADP has a long, proud history of conducting business with the highest ethical standards and full compliance with all applicable laws. We also expect our people to uphold our values with the highest level of integrity and behave in a manner that fosters an honest and respectful workplace. Click https://jobs.adp.com/life\\-at\\-adp/ to learn more about ADP’s culture and our full set of values.","","https://www.glassdoor.com/Overview/W-EI_IE64.htm","https://media.glassdoor.com/sql/64/adp-squareLogo-1731078450688.png","","","","","","","","","","",""
"gd-1010049544466","glassdoor","https://www.glassdoor.com/job-listing/j?jl=1010049544466","","Corporate Sales Manager | Compliance Solutions | Enterprise","ADP","Fresno, CA","2026-03-01","","direct_data","yearly",68400.0,148100.0,"USD",False,"","","sponsored","","Related Searches: Sales, Marketing, Territory, Region, District, Customer Service, Business\\-to\\-Business, Human Capital Management, HCM Payroll, Time and Labor, Interview, Job Description, Position, Jobs, Work


**Unlock Your Career Potential: Sales at ADP.** It takes a relentless team to lead an industry. ADP's world\\-class sales team is driving our global growth as a worldwide leader of workforce solutions. If you believe in the power of relationships, we'll give you the tools, training and support you need to connect with new and current customers, ranging from Fortune 100 corporations to small start\\-ups. And as you achieve success, you'll enjoy the rewards, support and recognition you deserve.


**ADP is hiring a National Accounts Sales Representative.** In this position, you'll identify and cultivate new prospects with 1,000 or more employees in your territory, cross\\-sell solutions to existing clients, and effectively close sales, with the support of exceptional sales training and the rewards of advancement opportunities and industry\\-leading compensation, benefits and awards.


We strive for every interaction to be driven by our **CORE** values: **Insightful Expertise, Integrity is Everything, Service Excellence, Inspiring Innovation, Each Person Counts, Results\\-Driven, and Social Responsibility.**


**RESPONSIBILITIES:**


* Reach or exceed assigned sales goals
* Implement sales strategies
* Develop and execute a cold calling strategy to target prospects
* Mine existing and prospective clients for referral business
* Establish and maintain good customer relations, with both internal and external customers
* Connect customers' business needs with ADP products and services
* Cross\\-sell other ADP solutions to existing clients
* Build network in person and via phone with key decision makers in a designated territory


**QUALIFICATIONS REQUIRED:**


* Five or more years of work experience


**PREFERRED QUALIFICATIONS:** Preference will be given to candidates who have the following:


* Associate or bachelor's degree is Preferred
* Experience working on a sales quota
* Demonstrated ability to exceed sales quotas
* Business\\-to\\-business experience in (HCM) human capital management, payroll, HR solutions, HRBPO or talent management
* Goal oriented and ambitious, with capacity and drive to reach and exceed quotas
* Demonstrated cold calling sales ability, with assertive, positive and persistent style
* Proven customer service and relationship building skills
* Ability to effectively communicate through all mediums (verbal, listening, written)
* Aptitude for acquiring sales skills and product knowledge
* Organized, with effective time management skills
* Ability to work independently and with a team
* General business acumen
* Mature and self\\-confident
* Capacity to work under pressure
* Strong work ethic
* Committed to building a career path


Base salary offers for this position may vary based on factors such as location, skills, and relevant experience. Some positions may include additional compensation in the form of bonus, equity or commissions. We offer the following benefits: Medical, Dental, Vision, Life Insurance, Matched Retirement Savings, Wellness Program, Short\\-and Long\\-Term Disability, Charitable Contribution Match, Holidays, Personal Days \\& Vacation, Paid Volunteer Time Off, and more. The compensation for this role is USD $68,400\\.00 \\- USD $148,100\\.00 / Year\\*  

  

* Actual compensation will not be less than the applicable minimum wage or minimum exempt salary requirement under federal, state and local laws.

  

**A little about ADP:** We are a comprehensive global provider of cloud\\-based human capital management (HCM) solutions that unite HR, payroll, talent, time, tax and benefits administration and a leader in business outsourcing services, analytics, and compliance expertise. We believe our people make all the difference in cultivating a down\\-to\\-earth culture that embraces our core values, welcomes ideas, encourages innovation, and values belonging. We've received recognition for our work by many esteemed organizations, learn more at ADP Awards and Recognition.


**Diversity, Equity, Inclusion \\& Equal Employment Opportunity at ADP:** ADP is committed to an inclusive, diverse and equitable workplace, and is further committed to providing equal employment opportunities regardless of any protected characteristic including: race, color, genetic information, creed, national origin, religion, sex, affectional or sexual orientation, gender identity or expression, lawful alien status, ancestry, age, marital status, protected veteran status or disability. Hiring decisions are based upon ADP’s operating needs, and applicant merit including, but not limited to, qualifications, experience, ability, availability, cooperation, and job performance.


**Ethics at ADP:** ADP has a long, proud history of conducting business with the highest ethical standards and full compliance with all applicable laws. We also expect our people to uphold our values with the highest level of integrity and behave in a manner that fosters an honest and respectful workplace. Click https://jobs.adp.com/life\\-at\\-adp/ to learn more about ADP’s culture and our full set of values.","","https://www.glassdoor.com/Overview/W-EI_IE64.htm","https://media.glassdoor.com/sql/64/adp-squareLogo-1731078450688.png","","","","","","","","","","",""
"gd-1010049544423","glassdoor","https://www.glassdoor.com/job-listing/j?jl=1010049544423","","Corporate Sales Manager | Compliance Solutions | Enterprise","ADP","Home, PA","2026-03-01","","direct_data","yearly",68400.0,148100.0,"USD",False,"","","sponsored","","","","https://www.glassdoor.com/Overview/W-EI_IE64.htm","https://media.glassdoor.com/sql/64/adp-squareLogo-1731078450688.png","","","","","","","","","","",""
"gd-1010049544421","glassdoor","https://www.glassdoor.com/job-listing/j?jl=1010049544421","","Corporate Sales Manager | Compliance Solutions | Enterprise","ADP","Home, WA","2026-03-01","","direct_data","yearly",68400.0,148100.0,"USD",False,"","","sponsored","","","","https://www.glassdoor.com/Overview/W-EI_IE64.htm","https://media.glassdoor.com/sql/64/adp-squareLogo-1731078450688.png","","","","","","","","","","",""
"gd-1010049403905","glassdoor","https://www.glassdoor.com/job-listing/j?jl=1010049403905","","Regional Account Manager","Thermo Fisher Scientific","","2026-03-01","","direct_data","yearly",63900.0,95850.0,"USD",True,"","","sponsored","","","","https://www.glassdoor.com/Overview/W-EI_IE658.htm","https://media.glassdoor.com/sql/658/thermo-fisher-scientific-squareLogo-1622674704280.png","","","","","","","","","","",""
"gd-1010049544547","glassdoor","https://www.glassdoor.com/job-listing/j?jl=1010049544547","","Corporate Sales Manager (Direct Sales) | Enterprise Accounts | Hospital Vertical","ADP","Home, KS","2026-03-01","","direct_data","yearly",68400.0,148100.0,"USD",False,"","","sponsored","","","","https://www.glassdoor.com/Overview/W-EI_IE64.htm","https://media.glassdoor.com/sql/64/adp-squareLogo-1731078450688.png","","","","","","","","","","",""
"gd-1010049544476","glassdoor","https://www.glassdoor.com/job-listing/j?jl=1010049544476","","Corporate Sales Manager | Compliance Solutions | Mid- Enterprise","ADP","Home, WA","2026-03-01","","direct_data","yearly",68400.0,148100.0,"USD",False,"","","sponsored","","","","https://www.glassdoor.com/Overview/W-EI_IE64.htm","https://media.glassdoor.com/sql/64/adp-squareLogo-1731078450688.png","","","","","","","","","","",""
"gd-1010049510066","glassdoor","https://www.glassdoor.com/job-listing/j?jl=1010049510066","","Regional Sales Manager, Fixed Gas Detection","Draeger, Inc.","New Orleans, LA","2026-03-01","","direct_data","yearly",80000.0,85000.0,"USD",False,"","","sponsored","","**Regional Sales Manager, Fixed Gas Detection**
===============================================

* **Business Unit:** Draeger, Inc., **Job\\-ID:** 1055
* **Location:** New Orleans, Jackson, Little Rock, Montgomery
* **Function:** Sales
* **Work Location:** Remote
* **Employment Type:** Permanent

**The Job Responsibilities**
----------------------------


We’re hiring! If you want your contributions to make a real difference, check out this new career opportunity with us at Draeger where we are led by the guiding principle “Technology for Life”.


This is a remote position with prefernce given to residency within the Gulf region of Lousiana. In additon to Lousiana, this territory covers Mississippi, Arkansas and Alabama.


At Dräger, it is our passion and dedication to protect, support and save lives. Our dedication to life naturally extends to the quality of our employees’ lives. They are the essence of our company, and without them, we would not be what we are today – a world leader in medical and safety technology. We are searching for people who want to join us in building “Technology for Life”.


The Regional Sales Manager \\- GDS is responsible for building the Draeger Fire and Gas Detection Systems business in the assigned geographic territory through new business development with identified target customers and growing the installed base with existing customers including service contracts. The RSM is also responsible for identifying, managing and driving manufacturer’s representatives as necessary within the territory.

**The Job Responsibilities**
----------------------------

* Identifies potential target end\\-users within the target segments \\& prioritizes accounts and opportunities to produce the best sales and profitability results.
* Focuses time and resources on sales into the key oil, gas and petrochemical segments, while also covering sales in to application driven markets, through direct sales efforts and managing manufacturer representative activity.
* Maintains a high awareness of fire and gas systems market trends and the competition, their strengths, weaknesses, sales and marketing methods \\& shares this information with internal stakeholders.
* Develops an annual sales plan and applies time \\& territory management techniques to maximize productivity \\& plans sales activities 30 \\-60\\-90 days in advance.
**Your Qualifications**
-----------------------

* Fixed Gas Detection Systems or Process Controls and Instrumentation experience is required
* 3\\-5 years’ experience selling process control solutions/ analyzers or instrumentation

**Education:**

* Bachelor’s degree in engineering or science discipline from an accredited university or related working experience

**Special Competencies or Certifications:**

* Member of recognized professional body for control / instrumentation
* Proficient with Microsoft Office Suite and CRM systems
* Must be able to perform routine arithmetic calculations and have a complete understanding of pricing structures and gross margin
* Must be able to communicate in English effectively both verbally and in writing well enough to articulate company and product information to customer
* Operate computer, office equipment
* Must reside within the covered territory of New England and/or New York state.


The compensation includes a base salary in the range of $80,000\\-$85,000 plus uncapped commission based on sales performance. On Target Earnings (OTE) are $120,000 \\- $125,000 annually at 100% of quota, with the potential to exceed this based on individual results.


**Dräger Benefits**
-------------------


At Draeger, Technology for Life means supporting our people in every aspect of their lives. We offer a competitive benefits package that may include:* Medical, dental, and vision insurance
* Life, short\\- and long\\-term disability coverage
* 401(k) with company match
* Over 4 weeks of paid time off, plus holidays and parental leave
* Flexible spending accounts and employee assistance program


Select locations also offer free parking, an on\\-site gym, cafeteria, and game room.
Talk to your Draeger recruiter to learn more!**Who we are**
--------------


We’re hiring! If you want your contributions to make a real difference, check out this new career opportunity with us at Draeger where we are led by the guiding principle “Technology for Life”.
Draeger has several sites located across North America as well as field\\-based sales and service positions. Our North America headquarters is located in Telford, PA just north of Philadelphia. We also have US sites in Andover, MA, and Houston, TX. Our Canada site is located in Mississauga, Ontario.
Draeger is an Equal Opportunity Employer.**Interested?**
---------------


Please, apply directly through our career portal.We look forward to receiving your application.","","https://www.glassdoor.com/Overview/W-EI_IE299523.htm","https://media.glassdoor.com/sql/299523/dräger-squareLogo-1686565405751.png","","","","","","","","","","",""
"gd-1010049544667","glassdoor","https://www.glassdoor.com/job-listing/j?jl=1010049544667","","Activation Channel Manager – IBM Software","Arrow Electronics, Inc.","Brookfield, WI","2026-03-01","","direct_data","yearly",126300.0,150153.0,"USD",False,"","","sponsored","","**Position:**
=============


Activation Channel Manager – IBM Software**Job Description:**
====================


Arrow ECS is looking for an Activation Channel Manager that will be supporting IBM’s Software Portfolio. The primary focus of this position will be to activate and grow new accounts.

**What You’ll Be Doing:**

* Responsible for the day\\-to\\-day sales support and customer service activities for assigned accounts, territory, or product(s). Focuses on growing and developing new business; proactively calls and engages partners to grow sales for assigned accounts and rebuilding of underpenetrated and neglected relationships with Arrow customers. This position will call on customers; provide product information, and follow\\-up on quotes to close business for Arrow. Identifies, enables and develops high\\-potential and non\\-repeat partners. Determines and understands customers’ requirements for Arrow product offerings and services. Translates products and promotions into benefits for a customer. Provides alternative products and solutions. Serves as a liaison between Arrow’s internal resources (field sales, engineering, supplier marketing, manufacturing facilities, purchasing and other corporate departments), vendor resources and customers. Demonstrates a proactive approach and sense of urgency on our customers’ behalf, anticipates our customers’ requirements and communicates efforts in a timely and effective manner.
* Demand Generation and Customer Opportunity Support: Drives sales growth through new customer rebuilding of underpenetrated and neglected relationships. Focuses on growing and developing new business; proactively calls and engages partners to grow sales for assigned accounts. Identifies, enables and develops high\\-potential and non\\-repeat partners. Generates leads and follows\\-up on leads obtained through suppliers and Arrow internal sources. Qualifies prospects, analyzes sales potential, and then prioritizes high\\-return opportunities for further attention/investment.
* Leverages Arrow and vendor programs and promotions to progress a transaction through the sales cycle. Manages vendor special pricing programs including; submissions for pricing request and any data or program dependencies, tracking requests for approval, logging of all submissions and results, and notification to the customers of any outstanding or expiring requests. Involves other resources (field, brand, engineering, financing, vendor, etc) to address issues. May use resources such as salesforce.com to accomplish job duties.
* This job profile requires the assignment and participation in a sales compensation plan. A portion of OTE will be variable and tied to specific sales\\-related goals as set forth by Arrow.
* This position will require travel a minimum of 30% of the time.

**What We’re Looking For:**

* A minimum of 5 years of experience selling in the IT Sales Channel
* Experience with the IBM software portfolio is preferred
* A self\\-starter who can work well independently and as a team
* Requires in\\-depth knowledge and experience
* Solves complex problems; takes a new perspective using existing solutions
* Works independently; receives minimal guidance
* Acts as a resource for colleagues with less experience
* Represents the level at which career may stabilize for many years or even until retirement
* Uses best practices and knowledge of internal or external business issues to improve products/services or processes
* Typically resolves complex problems or problems where precedent may not exist
* Often leads the work of project teams; may formally train junior staff
* Typically requires a minimum of 8 years of related experience with a 4 year degree; or 6 years and an advanced degree; or equivalent experience.

**Work Arrangement**


Fully Remote; Must be able to travel to an Arrow office location as requested by Arrow leadership.

**What’s In It For You:**


At Arrow, we recognize that financial rewards and great benefits are important aspects of an ideal job. That’s why we offer competitive financial compensation, including various compensation plans and a solid benefits package.

* Medical, Dental, Vision Insurance
* 401k, With Matching Contributions
* Short\\-Term/Long\\-Term Disability Insurance
* Health Savings Account (HSA)/Health Reimbursement Account (HRA) Options
* Paid Time Off (including sick, holiday, vacation, etc.)
* Tuition Reimbursement
* Growth Opportunities
* And more!

**Annual Hiring Range/Hourly Rate:**
====================================


$126,300\\.00 \\- $150,152\\.99
Actual compensation offer to candidate may vary from posted hiring range based upon geographic location, work experience, education, and/or skill level. The pay ratio between base pay and target incentive (if applicable) will be finalized at offer.

**Location:**
=============


US\\-GA\\-Georgia (Remote Employees)  


Remote work employees may be required to be present at the closest designated Arrow office for work\\-related purposes, at the Company’s request and sole discretion.**Time Type:**
==============


Full time**Job Category:**
=================


Sales**EEO Statement:**
==================


Arrow is an equal opportunity employer. All applicants will be considered for employment without attention to race, color, religion, gender, age, sexual orientation, gender identity, national origin, veteran or disability status. (Arrow EEO/AAP policy)

 *We anticipate this requisition will be open for a minimum of five days, though it may be open for a longer period of time. We encourage your prompt application.*

*In any materials you submit, you may redact or remove age\\-identifying information such as age, date of birth, or dates of school attendance or graduation. You will not be penalized for redacting or removing this information.*","","https://www.glassdoor.com/Overview/W-EI_IE56.htm","https://media.glassdoor.com/sql/56/arrow-electronics-squarelogo-1586816695490.png","","","","","","","","","","",""
"gd-1010049544475","glassdoor","https://www.glassdoor.com/job-listing/j?jl=1010049544475","","Corporate Sales Manager (Direct Sales) | Enterprise Accounts | Hospital Vertical","ADP","Phoenix, AZ","2026-03-01","","direct_data","yearly",68400.0,148100.0,"USD",False,"","","sponsored","","Applications for this posting will be accepted until 7/1/2026


**Unlock Your Career Potential: Sales at ADP.** It takes a relentless team to lead an industry. ADP's world\\-class sales team is driving our global growth as a worldwide leader of workforce solutions. If you believe in the power of relationships, we'll give you the tools, training and support you need to connect with new and current customers, ranging from Fortune 100 corporations to small start\\-ups. And as you achieve success, you'll enjoy the rewards, support and recognition you deserve.


**ADP is hiring a National Accounts Sales Representative.** In this position, you'll identify and cultivate new prospects with 1,000 or more employees in your territory, cross\\-sell solutions to existing clients, and effectively close sales, with the support of exceptional sales training and the rewards of advancement opportunities and industry\\-leading compensation, benefits and awards.


We strive for every interaction to be driven by our **CORE** values: **Insightful Expertise, Integrity is Everything, Service Excellence, Inspiring Innovation, Each Person Counts, Results\\-Driven, and Social Responsibility.**


**RESPONSIBILITIES:**


* Reach or exceed assigned sales goals
* Implement sales strategies
* Develop and execute a cold calling strategy to target prospects
* Mine existing and prospective clients for referral business
* Establish and maintain good customer relations, with both internal and external customers
* Connect customers' business needs with ADP products and services
* Cross\\-sell other ADP solutions to existing clients
* Build network in person and via phone with key decision makers in a designated territory

**QUALIFICATIONS REQUIRED:**


* Five or more years of work experience selling into the Enterprise Hospital Vertical

\\#LI\\-JS1


Preference will be given to candidates who have the following:


* Associate or bachelor's degree is Preferred
* Experience working on a sales quota
* Demonstrated ability to exceed sales quotas
* Business\\-to\\-business experience in (HCM) human capital management, payroll, HR solutions, HRBPO or talent management
* Goal oriented and ambitious, with capacity and drive to reach and exceed quotas
* Demonstrated cold calling sales ability, with assertive, positive and persistent style
* Proven customer service and relationship building skills
* Ability to effectively communicate through all mediums (verbal, listening, written)
* Aptitude for acquiring sales skills and product knowledge
* Organized, with effective time management skills
* Ability to work independently and with a team
* General business acumen
* Mature and self\\-confident
* Capacity to work under pressure
* Strong work ethic
* Committed to building a career path

Base salary offers for this position may vary based on factors such as location, skills, and relevant experience. Some positions may include additional compensation in the form of bonus, equity or commissions. We offer the following benefits: Medical, Dental, Vision, Life Insurance, Matched Retirement Savings, Wellness Program, Short\\-and Long\\-Term Disability, Charitable Contribution Match, Holidays, Personal Days \\& Vacation, Paid Volunteer Time Off, and more. The compensation for this role is USD $68,400\\.00 \\- USD $148,100\\.00 / Year\\*  

  

* Actual compensation will not be less than the applicable minimum wage or minimum exempt salary requirement under federal, state and local laws.

  

**A little about ADP:** We are a comprehensive global provider of cloud\\-based human capital management (HCM) solutions that unite HR, payroll, talent, time, tax and benefits administration and a leader in business outsourcing services, analytics, and compliance expertise. We believe our people make all the difference in cultivating a down\\-to\\-earth culture that embraces our core values, welcomes ideas, encourages innovation, and values belonging. We've received recognition for our work by many esteemed organizations, learn more at ADP Awards and Recognition.


**Diversity, Equity, Inclusion \\& Equal Employment Opportunity at ADP:** ADP is committed to an inclusive, diverse and equitable workplace, and is further committed to providing equal employment opportunities regardless of any protected characteristic including: race, color, genetic information, creed, national origin, religion, sex, affectional or sexual orientation, gender identity or expression, lawful alien status, ancestry, age, marital status, protected veteran status or disability. Hiring decisions are based upon ADP’s operating needs, and applicant merit including, but not limited to, qualifications, experience, ability, availability, cooperation, and job performance.


**Ethics at ADP:** ADP has a long, proud history of conducting business with the highest ethical standards and full compliance with all applicable laws. We also expect our people to uphold our values with the highest level of integrity and behave in a manner that fosters an honest and respectful workplace. Click https://jobs.adp.com/life\\-at\\-adp/ to learn more about ADP’s culture and our full set of values.","","https://www.glassdoor.com/Overview/W-EI_IE64.htm","https://media.glassdoor.com/sql/64/adp-squareLogo-1731078450688.png","","","","","","","","","","",""
"gd-1010049544724","glassdoor","https://www.glassdoor.com/job-listing/j?jl=1010049544724","","Activation Channel Manager – IBM Software","Arrow Electronics, Inc.","Charlotte, NC","2026-03-01","","direct_data","yearly",126300.0,150153.0,"USD",False,"","","sponsored","","**Position:**
=============


Activation Channel Manager – IBM Software**Job Description:**
====================


Arrow ECS is looking for an Activation Channel Manager that will be supporting IBM’s Software Portfolio. The primary focus of this position will be to activate and grow new accounts.

**What You’ll Be Doing:**

* Responsible for the day\\-to\\-day sales support and customer service activities for assigned accounts, territory, or product(s). Focuses on growing and developing new business; proactively calls and engages partners to grow sales for assigned accounts and rebuilding of underpenetrated and neglected relationships with Arrow customers. This position will call on customers; provide product information, and follow\\-up on quotes to close business for Arrow. Identifies, enables and develops high\\-potential and non\\-repeat partners. Determines and understands customers’ requirements for Arrow product offerings and services. Translates products and promotions into benefits for a customer. Provides alternative products and solutions. Serves as a liaison between Arrow’s internal resources (field sales, engineering, supplier marketing, manufacturing facilities, purchasing and other corporate departments), vendor resources and customers. Demonstrates a proactive approach and sense of urgency on our customers’ behalf, anticipates our customers’ requirements and communicates efforts in a timely and effective manner.
* Demand Generation and Customer Opportunity Support: Drives sales growth through new customer rebuilding of underpenetrated and neglected relationships. Focuses on growing and developing new business; proactively calls and engages partners to grow sales for assigned accounts. Identifies, enables and develops high\\-potential and non\\-repeat partners. Generates leads and follows\\-up on leads obtained through suppliers and Arrow internal sources. Qualifies prospects, analyzes sales potential, and then prioritizes high\\-return opportunities for further attention/investment.
* Leverages Arrow and vendor programs and promotions to progress a transaction through the sales cycle. Manages vendor special pricing programs including; submissions for pricing request and any data or program dependencies, tracking requests for approval, logging of all submissions and results, and notification to the customers of any outstanding or expiring requests. Involves other resources (field, brand, engineering, financing, vendor, etc) to address issues. May use resources such as salesforce.com to accomplish job duties.
* This job profile requires the assignment and participation in a sales compensation plan. A portion of OTE will be variable and tied to specific sales\\-related goals as set forth by Arrow.
* This position will require travel a minimum of 30% of the time.

**What We’re Looking For:**

* A minimum of 5 years of experience selling in the IT Sales Channel
* Experience with the IBM software portfolio is preferred
* A self\\-starter who can work well independently and as a team
* Requires in\\-depth knowledge and experience
* Solves complex problems; takes a new perspective using existing solutions
* Works independently; receives minimal guidance
* Acts as a resource for colleagues with less experience
* Represents the level at which career may stabilize for many years or even until retirement
* Uses best practices and knowledge of internal or external business issues to improve products/services or processes
* Typically resolves complex problems or problems where precedent may not exist
* Often leads the work of project teams; may formally train junior staff
* Typically requires a minimum of 8 years of related experience with a 4 year degree; or 6 years and an advanced degree; or equivalent experience.

**Work Arrangement**


Fully Remote; Must be able to travel to an Arrow office location as requested by Arrow leadership.

**What’s In It For You:**


At Arrow, we recognize that financial rewards and great benefits are important aspects of an ideal job. That’s why we offer competitive financial compensation, including various compensation plans and a solid benefits package.

* Medical, Dental, Vision Insurance
* 401k, With Matching Contributions
* Short\\-Term/Long\\-Term Disability Insurance
* Health Savings Account (HSA)/Health Reimbursement Account (HRA) Options
* Paid Time Off (including sick, holiday, vacation, etc.)
* Tuition Reimbursement
* Growth Opportunities
* And more!

**Annual Hiring Range/Hourly Rate:**
====================================


$126,300\\.00 \\- $150,152\\.99
Actual compensation offer to candidate may vary from posted hiring range based upon geographic location, work experience, education, and/or skill level. The pay ratio between base pay and target incentive (if applicable) will be finalized at offer.

**Location:**
=============


US\\-GA\\-Georgia (Remote Employees)  


Remote work employees may be required to be present at the closest designated Arrow office for work\\-related purposes, at the Company’s request and sole discretion.**Time Type:**
==============


Full time**Job Category:**
=================


Sales**EEO Statement:**
==================


Arrow is an equal opportunity employer. All applicants will be considered for employment without attention to race, color, religion, gender, age, sexual orientation, gender identity, national origin, veteran or disability status. (Arrow EEO/AAP policy)

 *We anticipate this requisition will be open for a minimum of five days, though it may be open for a longer period of time. We encourage your prompt application.*

*In any materials you submit, you may redact or remove age\\-identifying information such as age, date of birth, or dates of school attendance or graduation. You will not be penalized for redacting or removing this information.*","","https://www.glassdoor.com/Overview/W-EI_IE56.htm","https://media.glassdoor.com/sql/56/arrow-electronics-squarelogo-1586816695490.png","","","","","","","","","","",""
"gd-1010049544713","glassdoor","https://www.glassdoor.com/job-listing/j?jl=1010049544713","","Activation Channel Manager – IBM Software","Arrow Electronics, Inc.","Itasca, IL","2026-03-01","","direct_data","yearly",126300.0,150153.0,"USD",False,"","","sponsored","","**Position:**
=============


Activation Channel Manager – IBM Software**Job Description:**
====================


Arrow ECS is looking for an Activation Channel Manager that will be supporting IBM’s Software Portfolio. The primary focus of this position will be to activate and grow new accounts.

**What You’ll Be Doing:**

* Responsible for the day\\-to\\-day sales support and customer service activities for assigned accounts, territory, or product(s). Focuses on growing and developing new business; proactively calls and engages partners to grow sales for assigned accounts and rebuilding of underpenetrated and neglected relationships with Arrow customers. This position will call on customers; provide product information, and follow\\-up on quotes to close business for Arrow. Identifies, enables and develops high\\-potential and non\\-repeat partners. Determines and understands customers’ requirements for Arrow product offerings and services. Translates products and promotions into benefits for a customer. Provides alternative products and solutions. Serves as a liaison between Arrow’s internal resources (field sales, engineering, supplier marketing, manufacturing facilities, purchasing and other corporate departments), vendor resources and customers. Demonstrates a proactive approach and sense of urgency on our customers’ behalf, anticipates our customers’ requirements and communicates efforts in a timely and effective manner.
* Demand Generation and Customer Opportunity Support: Drives sales growth through new customer rebuilding of underpenetrated and neglected relationships. Focuses on growing and developing new business; proactively calls and engages partners to grow sales for assigned accounts. Identifies, enables and develops high\\-potential and non\\-repeat partners. Generates leads and follows\\-up on leads obtained through suppliers and Arrow internal sources. Qualifies prospects, analyzes sales potential, and then prioritizes high\\-return opportunities for further attention/investment.
* Leverages Arrow and vendor programs and promotions to progress a transaction through the sales cycle. Manages vendor special pricing programs including; submissions for pricing request and any data or program dependencies, tracking requests for approval, logging of all submissions and results, and notification to the customers of any outstanding or expiring requests. Involves other resources (field, brand, engineering, financing, vendor, etc) to address issues. May use resources such as salesforce.com to accomplish job duties.
* This job profile requires the assignment and participation in a sales compensation plan. A portion of OTE will be variable and tied to specific sales\\-related goals as set forth by Arrow.
* This position will require travel a minimum of 30% of the time.

**What We’re Looking For:**

* A minimum of 5 years of experience selling in the IT Sales Channel
* Experience with the IBM software portfolio is preferred
* A self\\-starter who can work well independently and as a team
* Requires in\\-depth knowledge and experience
* Solves complex problems; takes a new perspective using existing solutions
* Works independently; receives minimal guidance
* Acts as a resource for colleagues with less experience
* Represents the level at which career may stabilize for many years or even until retirement
* Uses best practices and knowledge of internal or external business issues to improve products/services or processes
* Typically resolves complex problems or problems where precedent may not exist
* Often leads the work of project teams; may formally train junior staff
* Typically requires a minimum of 8 years of related experience with a 4 year degree; or 6 years and an advanced degree; or equivalent experience.

**Work Arrangement**


Fully Remote; Must be able to travel to an Arrow office location as requested by Arrow leadership.

**What’s In It For You:**


At Arrow, we recognize that financial rewards and great benefits are important aspects of an ideal job. That’s why we offer competitive financial compensation, including various compensation plans and a solid benefits package.

* Medical, Dental, Vision Insurance
* 401k, With Matching Contributions
* Short\\-Term/Long\\-Term Disability Insurance
* Health Savings Account (HSA)/Health Reimbursement Account (HRA) Options
* Paid Time Off (including sick, holiday, vacation, etc.)
* Tuition Reimbursement
* Growth Opportunities
* And more!

**Annual Hiring Range/Hourly Rate:**
====================================


$126,300\\.00 \\- $150,152\\.99
Actual compensation offer to candidate may vary from posted hiring range based upon geographic location, work experience, education, and/or skill level. The pay ratio between base pay and target incentive (if applicable) will be finalized at offer.

**Location:**
=============


US\\-GA\\-Georgia (Remote Employees)  


Remote work employees may be required to be present at the closest designated Arrow office for work\\-related purposes, at the Company’s request and sole discretion.**Time Type:**
==============


Full time**Job Category:**
=================


Sales**EEO Statement:**
==================


Arrow is an equal opportunity employer. All applicants will be considered for employment without attention to race, color, religion, gender, age, sexual orientation, gender identity, national origin, veteran or disability status. (Arrow EEO/AAP policy)

 *We anticipate this requisition will be open for a minimum of five days, though it may be open for a longer period of time. We encourage your prompt application.*

*In any materials you submit, you may redact or remove age\\-identifying information such as age, date of birth, or dates of school attendance or graduation. You will not be penalized for redacting or removing this information.*","","https://www.glassdoor.com/Overview/W-EI_IE56.htm","https://media.glassdoor.com/sql/56/arrow-electronics-squarelogo-1586816695490.png","","","","","","","","","","",""
"gd-1010049544489","glassdoor","https://www.glassdoor.com/job-listing/j?jl=1010049544489","","Corporate Sales Manager | Compliance Solutions | Mid- Enterprise","ADP","Home, PA","2026-03-01","","direct_data","yearly",68400.0,148100.0,"USD",False,"","","sponsored","","Related Searches: Sales, Marketing, Territory, Region, District, Customer Service, Business\\-to\\-Business, Human Capital Management, HCM Payroll, Time and Labor, Interview, Job Description, Position, Jobs, Work


**Unlock Your Career Potential: Sales at ADP.** It takes a relentless team to lead an industry. ADP's world\\-class sales team is driving our global growth as a worldwide leader of workforce solutions. If you believe in the power of relationships, we'll give you the tools, training and support you need to connect with new and current customers, ranging from Fortune 100 corporations to small start\\-ups. And as you achieve success, you'll enjoy the rewards, support and recognition you deserve.


**ADP is hiring a National Accounts Sales Representative.** In this position, you'll identify and cultivate new prospects with 1,000 or more employees in your territory, cross\\-sell solutions to existing clients, and effectively close sales, with the support of exceptional sales training and the rewards of advancement opportunities and industry\\-leading compensation, benefits and awards.


We strive for every interaction to be driven by our **CORE** values: **Insightful Expertise, Integrity is Everything, Service Excellence, Inspiring Innovation, Each Person Counts, Results\\-Driven, and Social Responsibility.**


**RESPONSIBILITIES:**


* Reach or exceed assigned sales goals
* Implement sales strategies
* Develop and execute a cold calling strategy to target prospects
* Mine existing and prospective clients for referral business
* Establish and maintain good customer relations, with both internal and external customers
* Connect customers' business needs with ADP products and services
* Cross\\-sell other ADP solutions to existing clients
* Build network in person and via phone with key decision makers in a designated territory


**QUALIFICATIONS REQUIRED:**


* Five or more years of work experience


**PREFERRED QUALIFICATIONS:** Preference will be given to candidates who have the following:


* Associate or bachelor's degree is Preferred
* Experience working on a sales quota
* Demonstrated ability to exceed sales quotas
* Business\\-to\\-business experience in (HCM) human capital management, payroll, HR solutions, HRBPO or talent management
* Goal oriented and ambitious, with capacity and drive to reach and exceed quotas
* Demonstrated cold calling sales ability, with assertive, positive and persistent style
* Proven customer service and relationship building skills
* Ability to effectively communicate through all mediums (verbal, listening, written)
* Aptitude for acquiring sales skills and product knowledge
* Organized, with effective time management skills
* Ability to work independently and with a team
* General business acumen
* Mature and self\\-confident
* Capacity to work under pressure
* Strong work ethic
* Committed to building a career path


Base salary offers for this position may vary based on factors such as location, skills, and relevant experience. Some positions may include additional compensation in the form of bonus, equity or commissions. We offer the following benefits: Medical, Dental, Vision, Life Insurance, Matched Retirement Savings, Wellness Program, Short\\-and Long\\-Term Disability, Charitable Contribution Match, Holidays, Personal Days \\& Vacation, Paid Volunteer Time Off, and more. The compensation for this role is USD $68,400\\.00 \\- USD $148,100\\.00 / Year\\*  

  

* Actual compensation will not be less than the applicable minimum wage or minimum exempt salary requirement under federal, state and local laws.

  

**A little about ADP:** We are a comprehensive global provider of cloud\\-based human capital management (HCM) solutions that unite HR, payroll, talent, time, tax and benefits administration and a leader in business outsourcing services, analytics, and compliance expertise. We believe our people make all the difference in cultivating a down\\-to\\-earth culture that embraces our core values, welcomes ideas, encourages innovation, and values belonging. We've received recognition for our work by many esteemed organizations, learn more at ADP Awards and Recognition.


**Diversity, Equity, Inclusion \\& Equal Employment Opportunity at ADP:** ADP is committed to an inclusive, diverse and equitable workplace, and is further committed to providing equal employment opportunities regardless of any protected characteristic including: race, color, genetic information, creed, national origin, religion, sex, affectional or sexual orientation, gender identity or expression, lawful alien status, ancestry, age, marital status, protected veteran status or disability. Hiring decisions are based upon ADP’s operating needs, and applicant merit including, but not limited to, qualifications, experience, ability, availability, cooperation, and job performance.


**Ethics at ADP:** ADP has a long, proud history of conducting business with the highest ethical standards and full compliance with all applicable laws. We also expect our people to uphold our values with the highest level of integrity and behave in a manner that fosters an honest and respectful workplace. Click https://jobs.adp.com/life\\-at\\-adp/ to learn more about ADP’s culture and our full set of values.","","https://www.glassdoor.com/Overview/W-EI_IE64.htm","https://media.glassdoor.com/sql/64/adp-squareLogo-1731078450688.png","","","","","","","","","","",""
"gd-1010049544681","glassdoor","https://www.glassdoor.com/job-listing/j?jl=1010049544681","","Activation Channel Manager – IBM Software","Arrow Electronics, Inc.","Reno, NV","2026-03-01","","direct_data","yearly",126300.0,150153.0,"USD",False,"","","sponsored","","","","https://www.glassdoor.com/Overview/W-EI_IE56.htm","https://media.glassdoor.com/sql/56/arrow-electronics-squarelogo-1586816695490.png","","","","","","","","","","",""
"gd-1010049543715","glassdoor","https://www.glassdoor.com/job-listing/j?jl=1010049543715","","Field Sales Representative (Manheim)","Cox Automotive","Charlottesville, VA","2026-03-01","","direct_data","yearly",59000.0,88400.0,"USD",False,"","","sponsored","","","","https://www.glassdoor.com/Overview/W-EI_IE981845.htm","https://media.glassdoor.com/sql/981845/cox-automotive-squarelogo-1488845382202.png","","","","","","","","","","",""
"gd-1010049544510","glassdoor","https://www.glassdoor.com/job-listing/j?jl=1010049544510","","District Channel Manager - Tax Credits","ADP","Houston, TX","2026-03-01","","direct_data","yearly",68400.0,148100.0,"USD",False,"","","sponsored","","","","https://www.glassdoor.com/Overview/W-EI_IE64.htm","https://media.glassdoor.com/sql/64/adp-squareLogo-1731078450688.png","","","","","","","","","","",""
"gd-1010049543709","glassdoor","https://www.glassdoor.com/job-listing/j?jl=1010049543709","","Field Sales Representative (Manheim)","Cox Automotive","Manassas, VA","2026-03-01","","direct_data","yearly",59000.0,88400.0,"USD",False,"","","sponsored","","","","https://www.glassdoor.com/Overview/W-EI_IE981845.htm","https://media.glassdoor.com/sql/981845/cox-automotive-squarelogo-1488845382202.png","","","","","","","","","","",""
"gd-1010049522334","glassdoor","https://www.glassdoor.com/job-listing/j?jl=1010049522334","","Investment Consultant - External Wholesaler","City National Bank","Tallahassee, FL","2026-03-01","","direct_data","yearly",101231.0,172355.0,"USD",False,"","","sponsored","","","","https://www.glassdoor.com/Overview/W-EI_IE1266.htm","https://media.glassdoor.com/sql/1266/city-national-bank-squareLogo-1644879161172.png","","","","","","","","","","",""
"gd-1010049544706","glassdoor","https://www.glassdoor.com/job-listing/j?jl=1010049544706","","Activation Channel Manager – IBM Software","Arrow Electronics, Inc.","Shenandoah, VA","2026-03-01","","direct_data","yearly",126300.0,150153.0,"USD",False,"","","sponsored","","","","https://www.glassdoor.com/Overview/W-EI_IE56.htm","https://media.glassdoor.com/sql/56/arrow-electronics-squarelogo-1586816695490.png","","","","","","","","","","",""
"gd-1010049522333","glassdoor","https://www.glassdoor.com/job-listing/j?jl=1010049522333","","Investment Consultant - External Wholesaler","City National Bank","Austin, TX","2026-03-01","","direct_data","yearly",101231.0,172355.0,"USD",False,"","","sponsored","","","","https://www.glassdoor.com/Overview/W-EI_IE1266.htm","https://media.glassdoor.com/sql/1266/city-national-bank-squareLogo-1644879161172.png","","","","","","","","","","",""
"in-30d4cf0fde3f2850","indeed","https://www.indeed.com/viewjob?jk=30d4cf0fde3f2850","http://www.indeed.com/job/new-business-consultant-b2b-sales-30d4cf0fde3f2850","New Business Consultant (B2B Sales)","Life & Progress","Remote, US","2026-03-03","fulltime","direct_data","yearly",23000.0,30000.0,"USD",True,"","","","","**The job...**

**Indeed, an advert for a New Business Consultant (Salesperson)**

**The job...**

We are actively looking for a **New Business Consultant (Salesperson)** to join our team. Someone who wants a new challenge and to be part of our journey.

This is both a client facing and office/WFH based role. The primary function of the New Business Consultant at Life \\& Progress will be to secure commercial (B2B) sales working to achieve a given sales target, including direct sales, channel sales, cross\\-selling and up\\-selling. Most of our clients are SMEs, although we have a considerable number of large client organisations. Most of our client contacts are HR Managers and/or related people managers

The successful candidate will ideally have at least five years of B2B field\\-sales experience and will be able to show record(s) of achieving monthly/annual sales targets. Knowledge of our particular market sector and the range of services we provide (refer to our website for more details) would be an advantage, but is not essential, as training will be given. A key element of the New Business Consultant (Sales) role will be to gain a true understanding of our clients' needs and requirements. To then present a strategic proposal incorporating select services that will genuinely meet the clients’ needs and requirements.

Full\\-time Position. Salary £23K\\-£30K DOE plus uncapped bonus structure. OTE £40K \\- £50K pa. Plus, other company benefit(s) and allowance(s) post\\-probation. The probationary period is a standard six months.

Main duties will include but not be limited to:

* Meeting face\\-to\\-face with clients (in person and virtually)
* Demonstrating and presenting to HR Managers, Senior Managers, Decision Makers and/or other people managers
* Securing new business (business\\-to\\-business sales)
* Plan approaches, sales pitches and sales presentations
* Prepare professional sales quotations
* Able to present to senior decision makers
* Able to present to small groups (primarily Human Resources teams)
* Telephone sales and Field sales
* Direct selling, cross selling and up\\-selling to both new and existing clients
* Attending trade exhibitions, conferences, and meetings
* Attending networking events, canvassing a crowd of prospective clients
* Negotiating contracts and packages
* Self\\-generate sales leads \\- *Being a good opener*
* Work provided sales leads \\- *Being a good closer*
* Fully understand and use a CRM system and maintain client records
* Working towards monthly/annual sales target
* Full UK driving licence required

Required competencies:

* Good sales skills \\- prerequisite for this role
* Good communication skills, articulate
* Good interpersonal and listening skills
* Able to grasp and maintain a good level of product knowledge
* Good time management skills
* Demonstrate a willingness to learn
* A good grasp of numbers and the ability to write documents in a professional style
* Good organisational skills and attention to detail, and accuracy
* The ability to keep objectives and goals firmly in sight
* The ability to work independently as well as part of a proactive team
* Tact, diplomacy and empathy (our services often support sensitive subject matter)
* Flexibility
* The ability to self\\-motivate, self\\-manage (remote working)

**Who we are...**

Life \\& Progress is a Midlands based specialist (B2B) Intermediary firm synonymous with providing modern, proactive, and well managed Employee Assistance Programme (EAP) services. EAP services that provide the employees of our clients’ organisations with around\\-the\\-clock, high\\-quality professional support on a wide range of issues.

We provide EAP and related services to many different industry sectors, albeit we are particularly well\\-received by the Housing Association (Housing Sector). Indeed, Life \\& Progress is an official Sector Supplier with the National Housing Federation (NHF).

Although EAP provision is our flagship service, Life \\& Progress is also a provider of accredited Training Services, especially for mental health awareness and wellbeing.

As an Intermediary, we work with several of the mainstream UK based EAP Providers, all under the well\\-established White\\-Label of Life \\& Progress. To see the full range of the services we provide under our white\\-label arrangement, please visit the Life \\& Progress website www.lifeandprogress.co.uk . Please also refer to the ‘About Us’ page on the website, where you will also find our Customer Service Pledge, our fundamental promise to our clients.

We have a bank of clients throughout the UK. Our services include but are not limited to:

* Employee Assistance Programme (EAP)
* Tenant Support \\& Wellbeing Service (TSWS)
* Student Support \\& Wellbeing Service (SSWS)
* Member Support \\& Wellbeing Service (MSWS)
* Workplace Mediation \\& Conflict Resolution
* Mental Health Responsive (MHR)
* Mental Health Awareness Training
* Day\\-1 Absence Management
* Whistleblowing Service
* Mental Fitness App
* GP Helpline

Life \\& Progress is a highly driven and growing business, managed by a small, albeit highly effective team of professionals. Each team member is a specialist in their respective role.

Job Type: Full\\-time

Benefits:

* Work from home

Schedule:

* Monday to Friday

Supplemental pay types:

* Performance bonus

Application question(s):

* Do you have access to your own vehicle?

Experience:

* B2B sales: 3 years (required)

Licence/Certification:

* Driving Licence (required)

Work authorisation:

* United Kingdom (required)

Work Location: Remote

Reference ID: LAP\\-RMB0923

Job Type: Full\\-time

Pay: $23,000\\.00 \\- $30,000\\.00 per year

Application Question(s):

* Do you have access to your own vehicle ?

Experience:

* B2B sales: 3 years (Required)

License/Certification:

* Driving Licence (Required)

Work Location: Remote","","https://www.indeed.com/cmp/Life-&-Progress","","","","","","","","","","","",""
"in-224bd0199bce1c5f","indeed","https://www.indeed.com/viewjob?jk=224bd0199bce1c5f","http://www.indeed.com/job/youtube-growth-brand-partnerships-and-ad-sales-expert-remote-224bd0199bce1c5f","YouTube Growth, Brand Partnerships and Ad Sales Expert - Remote","Harper Agency","Remote, US","2026-03-03","temporary, parttime, fulltime, contract","","","","","",True,"","","","","**Job Title:** YouTube Growth, Advertising Sales \\& Brand Partnerships Manager  
**Location**: Remote (Worldwide)

**Role Overview:**

We are looking for a high\\-performance Advertising Sales \\& Brand Partnerships Manager to monetize and scale our YouTube presence through direct\\-to\\-brand sponsorships. With over 400,000 subscribers and a growth trajectory of 150k\\+ new subscribers per month, our platform offers massive reach.

This is a pure revenue\\-generating role. We are not looking for a generalist; we are looking for a veteran salesperson with an established book of business who can immediately bridge the gap between our high\\-traffic content and top\\-tier advertisers.

Key Responsibilities:

\\- Leverage Existing Network: Tap into your established book of business to bring in immediate sponsorship opportunities from brands that actively spend on digital and influencer advertising.  
\\- Direct Sales \\& Outreach: Proactively identify, pitch, and close high\\-value sponsorships with brands in the AI, tech, and premium lifestyle sectors.  
\\- Package Inventory: Create and sell compelling advertising packages, including mid\\-roll integrations, series sponsorships, and long\\-term brand ambassadorships.  
\\- Deal Structuring: Negotiate pricing (CPM/Flat Fee), deliverables, and contract terms to maximize the value of our creator inventory.  
\\- Renewals \\& Retention: Turn one\\-off ad placements into recurring annual contracts through meticulous partner management and performance reporting.  
\\- Market Positioning: Constantly refine our media kit to reflect our explosive growth and premium audience demographics.

What We’re Looking For:

\\- Established Book of Business: You must have a proven track record and current relationships with organizations, founders, and CMOs who have dedicated budgets for creator\\-led advertising.  
\\- Proven Ad Sales Track Record: Extensive experience specifically in closing brand deals, not just managing campaigns or community engagement.  
\\- The ""Closer"" Mentality: You are comfortable with high\\-volume cold outreach, handling objections, and asking for the sale.  
\\- ROI Fluency: You understand how brands calculate CAC (Customer Acquisition Cost) and ROAS (Return on Ad Spend) and can sell the value of our audience accordingly.  
\\- Strategic Vision: Ability to look at our content roadmap and immediately identify which organizations in your network are the best fit for upcoming series.

Explicitly Not This Role:

❌ Organic Channel Growth: We handle the views; you handle the revenue.  
❌ Content Production: You won’t be editing videos or writing scripts.  
❌ Passive Management: We are not looking for an ""account manager"" to wait for inbound emails.

Success in This Role Looks Like:

\\- A consistent, full pipeline of booked\\-out sponsorship slots 2–3 months in advance.  
\\- Securing anchor sponsors within the first 60 days using your existing network.  
\\- High retention rates where brands renew for multi\\-video bundles.

Job Types: Full\\-time, Part\\-time, Contract, Temporary

Expected hours: 1 – 40 per week

Application Question(s):

* Are you Interested in freelance or commission based or contract work?
* Please share your personal email.
* Are you interested in full time or part time work?
* Do you have active established Book of Business? You must have a proven track record and current relationships with organizations, founders, and CMOs who have dedicated budgets for creator\\-led advertising? Please share examples.
* We need someone with proven Ad Sales Track Record. Do you have extensive experience specifically in closing brand deals, not just managing campaigns or community engagement? Please share all details.

Work Location: Remote","","https://www.indeed.com/cmp/Harper-Agency-1","","","","","","","","","","","",""
"in-3f7b053483b85462","indeed","https://www.indeed.com/viewjob?jk=3f7b053483b85462","https://www.myamc.com/careers#763438520","Outside Sales Representative","MyAMC","Dallas, TX, US","2026-03-03","","","","","","",False,"","","","","**I. JOB SUMMARY:** MyAMC, LLC is rapidly expanding nationwide. The Outside Sales Representative will be critical in driving growth for our primary lines of business – origination, post\\-closing, and automated valuation services. This role will be responsible for prospecting, vetting, and closing new business. Additionally, the Outside Sales Representative will partner with operations to onboard, support, and ultimately promote existing customer growth.
#### **II. DUTIES \\& RESPONSIBILITIES:**


* Meet the weekly, monthly, and annual sales objectives
* Develop new prospects through a substantial personal rolodex in the valuation or closing services industries
* Effectively promote our value proposition by networking, prospecting, cold calling, and pursuing marketing leads
* Attend trade conferences to develop new prospects and enhance existing relationships
* Partner with the marketing team to develop prospect target lists
* Partner with the marketing team to develop a dynamic email marketing campaign
* Host software demos in person or via Go To Meeting
* Conduct prospect vetting to discover business requirements, including integration with LOS or 3rd party appraisal management software
* Partner with the sales support team to prepare and deliver RFP’s
* Partner with the sales support team to negotiate Client Fees and SLA’s
* Partner with the sales support team to assist in the onboarding process
* Partner with the customer support team to establish performance review and feedback channels
* Maintain professionalism and adhere to company policies and proceduresOther duties as assigned

#### **III. JOB REQUIREMENTS:**


* Listen to customers’ questions and concerns, and provide answers or responses
* Proven outside sales success in the valuation or closing services industries
* A minimum of 3 years B2B sales experience is required
* Exceptional verbal and written communication skills
* Excellent organizational and time management skills
* Travel as required
* Proficient in Microsoft Office, including Word, Excel, PowerPoint
* Proficient in SalesForce or other CRM software
DISCLAIMER: The above statements are intended to describe the general nature and level of work being performedby individuals in, or assigned to, the above position and are not intended to be construed as an exhaustive list of allresponsibilities, duties and skills required. They may be changed at the discretion of the company","","https://www.indeed.com/cmp/Myamc","","","","","","","","","","","",""
"in-847b18f19eee052b","indeed","https://www.indeed.com/viewjob?jk=847b18f19eee052b","https://click.appcast.io/t/8hdA7e7l5Ct3nLKc6y6bx-fDeEBaFvGVQo22jhmyaMQ=","Outside Sales Representative","US LBM Holdings","El Paso, TX, US","2026-03-03","fulltime","","","","","",False,"","","","","US LBM is one of the leading and fastest growing distributors of specialty building materials in the United States, with a team of over 15,000 employees located throughout the country. Since our founding in 2009, we have acquired over 70 companies and have expanded to more than 500 locations serving 37 states. US LBM is a progressive organization that promotes a unique culture that focuses on the value of its customers and associates. Developing our people is critical to our strategy and fostering our culture of empowerment.  

  

**A Brief Overview**  

  

The Outside Sales Representative generates and secures new sales to increase the profitability of the company. This position maintains existing accounts while generating new business through cold calls and following leads.  

  

**What you will do**  

* Promote, sell, and secure new accounts for the company.
* Provide existing accounts with necessary products, time, and information.
* Assist with the selection of products best suited to customer needs.
* Prepare, coordinate, and communicate price quotations, terms of sales, delivery dates, and service obligations to customers/contractors.
* Resolve customer complaints and problems.
* Assist in the collection of accounts receivable.
* Coordinate project schedules, contractor schedules, and material deliveries.
* Prepare and input orders as necessary.
* Informs company of competitive prices, products, and area\\-related information.
* Maintain current knowledge of daily and monthly sales and their relationship to budget and margin goals.
* Research and order special products as necessary.
* Estimate materials from blueprints supplied by customer/contractor.
* Adhere to Conflict of Interest or Non\\-Compete agreement if in place.
* Comply with Company's attendance policy by maintaining regular and predictable attendance.

  

**Required For All Jobs**  

* Perform other duties as assigned.
* Comply with all policies and standards.
* Adheres to Company's commitment to workplace safety.

  

**Education Qualifications**  

* High School Diploma or GED required.

  

**Experience Qualifications**  

* 3 years of sales experience in building materials or related industry required.

  

**Skills and Abilities**  

* Working knowledge of building materials industry and products, ability to negotiate prices and contractual agreements.
* Estimating from blueprints, ability to use calculator and computer.
* Strategic Mindset \\- Seeing ahead to future possibilities and translating them into breakthrough strategies.
* Plans and Aligns \\- Planning and prioritizing work to meet commitments aligned with organizational goals.
* Business Insight \\- Applying knowledge of business and the marketplace to advance the organization's goals.
* Collaborates \\- Building partnerships and working collaboratively with others to meet shared objectives.
* Communicates Effectively \\- Developing and delivering multi\\-mode communications that convey a clear understanding of the unique needs of different audiences.
* Must be able to walk throughout yards, plants, and offices.

  

**Licenses and Certifications**  

* DL NUMBER \\- Driver License, Valid and in State required upon hire.

  

**Travel Requirements**  

* 50% Travel.

  

US LBM Holdings, LLC, is an equal\\-opportunity employer. We do not discriminate on the basis of race, color, religion, creed, national origin or ancestry, sex, age, physical or mental disability, veteran or military status, genetic information, sexual orientation, gender identity, marital status, military status, order of protection status, or any other legally recognized protected basis under federal, state, or local law.","","https://www.indeed.com/cmp/US-Lbm-Holdings","https://d2q79iu7y748jz.cloudfront.net/s/_squarelogo/256x256/7a39635f7d18fee71849ac52f70755d8","http://www.uslbm.com","Buffalo Grove, IL","10,000+","more than $10B (USD)","U.S. LBM and its operating companies are one of the nation’s largest building materials distributors.","","","","","",""
"in-17e60cdaab0b6028","indeed","https://www.indeed.com/viewjob?jk=17e60cdaab0b6028","http://www.indeed.com/job/fintech-sales-rep-17e60cdaab0b6028","FinTech Sales Rep","Merchant Advisory Services","Remote, US","2026-03-03","fulltime, contract","direct_data","monthly",2000.0,10000.0,"USD",True,"","","","","Merchant Advisory Services is a premier merchant level service provider connecting small businesses with top\\-tier payment technology and merchant services. We optimize the check out experience for consumers at the point of sale while empowering our clients to grow their businesses by finding and reaching new purchase ready customers.

**Position Overview**

We are seeking hunters that can acquire new accounts. It’s that simple.

Merchant Advisory Services is looking for experienced, motivated Independent Sales Representatives to join our growing team. This role is built for the self\\-starter who thrives on the challenge of building a portfolio or book of business with a clear exit strategy. You will be the face of our company on the ground in your area, identifying high\\-value targets and converting them into long\\-term clients.

**Key Responsibilities**

Lead Generation: Proactively identifying businesses, key decision makers, and franchise owners who require merchant services.

Cold Outreach: Executing high\\-volume telemarketing, social media engagement and email drip campaigns to introduce payment solutions to potential B2B \\& B2C clients.

Conversion: Navigating the sales cycle from initial contact to the first order, ensuring prospects become active clients of Merchant Advisory Services.

Account Growth: Driving up\\-sells through persistent follow\\-up and relationship management.

Activity Tracking: Maintaining organized records of outreach efforts and sales pipeline.

Compensation Terms: This is a 1099 Independent Contractor position. Compensation is strictly performance\\-based, offering high earning potential for top producers:

Earn Commissions: Receive a 20% to 40% split in commissions from the clients in your portfolio or bring over an unprofitable existing book of business and earn higher profit margins.

Stack Bonuses: Get paid multiple times for the same account when you add Bonuses together to maximize your sales revenue and residual income.

Recurring Residuals: Commissions are paid for as long as the client remains active, rewarding you for the value of the accounts you bring in.

Unlimited Upside: There are no caps on your earnings; your income is directly tied to your output.

Passive Income \\- After 12 months of consistently acquiring at least 2 customers per month you could be making $5000 or more.

Team Overrides: Earn a percentage of your team’s sales revenues as the manager of a top producing team of independent sales representatives in your area.

**Required Qualifications**

The ""Hunter"" Mentality: You are resilient, consistent and persistent, even despite hearing the word ""no.""

Networking Experience: Demonstrated success in outbound sales, cold\\-calling or telemarketing, canvassing or door\\-to\\-door prospecting, using email drip campaigns and social media outreach.

Excellent Communication: Exceptional social skills give you the ability to build rapport quickly by earning trust through words \\& deeds.

Self\\-Reliant: As an independent contractor, you are disciplined and capable of managing your own schedule to hit targets and reach your monthly sales goals.

Industry Knowledge: Experience in the fin\\-tech or ad industry is a plus, but a ""closer"" mindset is more important.

**Why Partner with Merchant Advisory Services ?**

Total Flexibility: As a contractor, you manage your own hours, CRM workspace and client portfolio profitability.

Scalable Income: Build a portfolio of recurring clients and watch your commissions stack up over time until you decide to exit… or not.

Simple Product: Sell a universal service that solves a genuine pain point for all business owners.

*\\*\\* Merchant Advisory Services is an equal opportunity employer. \\*\\**

**Ready to Change Your Life?** ***Apply Now!***

Interested candidates should submit a resume by visiting: https://merchantadvisoryservices.com/careers

Pay: $2,000\\.00 \\- $10,000\\.00 per month

Benefits:

* Flexible schedule
* Opportunities for advancement
* Professional development assistance
* Referral program
* Work from home

Experience:

* Sales: 2 years (Required)

Ability to Commute:

* Remote (Preferred)

Willingness to travel:

* 25% (Preferred)

Work Location: Remote","","https://www.indeed.com/cmp/Merchant-Advisory-Services","https://d2q79iu7y748jz.cloudfront.net/s/_squarelogo/256x256/10398a2d6af097e7e3b55ccb63613d49","https://merchantadvisoryservices.com","99 Wall St NY 10005","2 to 10","$1B to $5B (USD)","First, Merchant Advisory Services Offers Essential Payment Solutions To Small Businesses & Start Ups. Second, Merchant Advisory Services is all about Transparency, Sustainability & Authenticity.","","","","","",""
"in-520edaae3833c233","indeed","https://www.indeed.com/viewjob?jk=520edaae3833c233","https://app.trinethire.com/companies/841975-mac-mountain-lightcraft-llc/jobs/117719-community-and-residential-sales-manager?source=indeed","Community and Residential Sales Manager","","Lewiston, ME, US","2026-03-03","fulltime","direct_data","yearly",60000.0,70000.0,"USD",False,"","","","","#### **COMPANY BACKGROUND:**


Mac Mountain invests in fiber broadband networks and builds long\\-term partnerships with municipalities, rural electric co\\-ops, developers, homebuilders and regional ISPs.


LightCraft, a division of Mac Mountain, delivers comprehensive shared services to fiber network operators across the United States. We specialize in streamlining operations, enhancing customer experiences, and accelerating growth for our partners. Our expertise spans network deployment, customer acquisition, billing and support, and technology management, enabling our clients to focus on core business objectives while leveraging our scalable and efficient solutions. With a commitment to innovation and operational excellence, LightCraft empowers fiber providers to deliver high\\-speed, reliable internet to communities nationwide.


LightCraft is the operator for GWI, which is a subsidiary of Mac Mountain.

#### **POSITION SUMMARY:**


The Community and Residential Sales Manager is responsible for driving residential and small business customer growth for GWI by executing highly local, relationship\\-based sales and outreach within assigned communities. This role leads door\\-to\\-door sales, community events, sponsorships, and grassroots marketing to build awareness, generate leads, and convert prospects, while serving as a trusted ambassador for GWI’s fiber internet services. The manager builds and maintains partnerships with local businesses, property managers, and community leaders, oversees local sales activities and budgets, and tracks performance and market feedback to inform ongoing acquisition and retention strategies.

#### **PRINCIPAL DUTIES AND RESPONSIBILITIES**

* Drive residential and small business customer acquisition through:
	+ Door\\-to\\-door outreach
	+ Community events and tabling
	+ Local sponsorships and partnerships
	+ Referral and neighborhood\\-based sales efforts
* Represent GWI at town meetings, select board meetings, and community gatherings
* Build and maintain relationships with local businesses, organizations, and community leaders to grow marketing opportunities
* Establish and maintain GWI visibility in key community hubs (e.g., transfer stations, general stores, community boards)
* Execute grassroots marketing initiatives including flyer distribution, signage placement, and hyper\\-local campaigns
* Support acquisition and retention strategies within multi\\-dwelling units (MDUs) and residential developments
* Partner with residential property managers and leasing offices to execute move\\-in, referral, and on\\-site sales programs
* Assist with onboarding, mentoring, and supporting seasonal residential sales representatives
* Manage local sales activities, schedules, and budgets
* Track and report on sales performance, community engagement, and market feedback
* Operate and represent GWI using branded vehicles and promotional materials  

Serve as a knowledgeable ambassador for GWI products, services, and installation processes

#### **EDUCATION AND EXPERIENCE**

* High school diploma or equivalent required
* Associate’s or Bachelor’s degree preferred but not required
* Previous experience in one or more of the following areas preferred:
	+ Residential or direct sales
	+ Community\\-based marketing or outreach
	+ Telecommunications, utilities, or subscription services
	+ Property, housing, or MDU sales environments
* Strong familiarity with the local communities served is highly preferred
* Equivalent combination of education and experience will be considered

#### **COMMUNICATION SKILLS**

* Excellent interpersonal and verbal communication skills
* Comfortable engaging with individuals, families, business owners, and community leaders
* Ability to explain technical products in a clear, approachable manner
* Strong listening skills with the ability to build trust quickly  

Confident public presence when representing the company at events and meetings
* Professional written communication skills for basic reporting and correspondence

#### **WORKING CONDITIONS**

* Field\\-based role requiring extensive time spent within assigned communities
* Regular evening and weekend work required to attend community events and conduct outreach
* Frequent walking, standing, and door\\-to\\-door activity
* Occasional lifting and setup of event materials (tables, signage, promotional items)
* Use of company vehicle for local travel
* Exposure to varying weather conditions during outdoor events and outreach

#### **COMPENSATION**

* Hourly rate: $60\\-70K Salary (based on experience)
* Commission structure:
	+ Residential and small business services: 100% of the first month’s service value
	+ Commission eligibility based on quota and percentage achieved

#### **REPORTING RELATIONSHIP**

* This position reports directly to the designated Sales or Marketing Leadership role at GWI and works closely with internal sales, marketing, and operations teams.


The above statements are intended to describe the general nature and level of work being performed by people assigned to this classification. They are not intended to be construed as an exhaustive list of all responsibilities, duties and skills required of personnel so classified.","","","","","","","","","","","","","",""
"in-be8fb057e776d101","indeed","https://www.indeed.com/viewjob?jk=be8fb057e776d101","https://careers.slb.com/jobdescription.aspx?id=WDR00134914","Account Manager","SLB","Broussard, LA, US","2026-03-03","","","","","","",False,"","","","accommodationhotline@slb.com","Disclaimer: SLB completed the acquisition of ChampionX on July 16, 2025\\. If selected for this position, your employment will begin with ChampionX and will transition to SLB as part of the planned integration.


We are looking for an **Account Manager** located in Broussard, Louisiana**.** This is your opportunity to join a global technology company, driving energy innovation for a balanced planet.

**What’s in it For You:**

* Access to best\\-in\\-class resources, tools, and technology
* Opportunity for a long term, advanced career path
* A culture that values safety first, including training and personal protection
* Comprehensive benefits package that includes medical, dental, vision, 401(k) with company matching and more!

**What You Will Do:**

* Work closely with current and new customers to understand business needs and recommend continuous improvement and innovation plans that will maintain and grow sales within assigned territory
* Develop strong relationships with key stakeholders in current and new customers, including plant or facility executives. Leverage external network to pursue business opportunities within assigned territory
* Generate and execute sales plans in assigned customer base and new customer accounts to meet defined territory profit increase goals
* Regularly engage in Health Check (audit) of current accounts
* Demonstrate strong team leadership by actively participating in District/Regional/Corporate initiatives
* Collaborate in cross\\-functional projects within ChampionX, promoting the transfer of knowledge as well as the delivery of innovative processes and programs
* Support/lead trial of new technologies and proactively show initiative by bringing ideas and new technologies to the District
* Initiate and lead sales campaigns within District
* Demonstrate versatility by calling on all levels of the customer organization
* Lead, coach and mentor less experienced sales representatives and managers on diverse topics

**Position Details:**

* Ability to travel within assigned sales territory
* Up to 25% overnight travel required to support sales territory

 **Minimum Qualifications:**

* High School Diploma
* Must have a valid Driver’s License and acceptable Motor Vehicle Record
* Immigration sponsorship not offered for this role

**Physical Demands:**

* May be required to Lift/Push/Pull/Carry up to 55 pounds chest high.
* Role is deemed safety\\-sensitive and may be subject to employer or customer drug testing.

**Preferred Qualifications:**

* Bachelor’s degree in Engineering (Chemical, Mechanical, Industrial), or Life Sciences (Biology, Chemistry, etc.)
* 4\\-7 years of successful technical sales or field sales support experience
* 4\\-7 years of experience directly related to well service stimulation business
* Experience in oil and gas industry
* High computer application literacy (including Microsoft Office Suite and ability to learn internal business systems)
* Account leadership experience that includes calling on multilevel plant or facilities management to accomplish company goals
* Prior experience that demonstrates strong ethics, effective time management, ability to multitask, adaptability, autonomy and self\\-motivation
* Prior experience that required excellent communication and organizational skills
* Good negotiation and problem resolution skills

**About Us:**


ChampionX is now part of SLB, a global technology company driving energy innovation for a balanced planet. As innovators, that’s been our mission for nearly a century. We are a technology company that unlocks access to energy for the benefit of all. As innovators, that’s been our mission for nearly a century. Today, we face a global imperative to create a future with more energy, but less carbon. Our diverse, innovative change makers are focused on going further in innovation and inventing the new energy technologies we need to get there.


For more news and information, visit SLB.com Follow us on Facebook at @WeAreSLBGlobal, LinkedIn: SLBGlobal, or Instagram at @SLBGlobal.

**Our Commitment to Diversity and Inclusion**


We believe the best teams are diverse and inclusive, and we are on a journey to create a workplace where every employee can grow and achieve their best. We are committed to fair and equal treatment of employees and applicants. We recruit, hire, promote, transfer and provide opportunities for advancement on the basis of individual qualifications and job performance. In all matters affecting employment, compensation, benefits, working conditions, and opportunities for advancement, we will not discriminate against any employee or applicant for employment because of race, religion, color, creed, national origin, citizenship status, sex, sexual orientation, gender identity and expressions, genetic information, marital status, age, disability, or status as a covered veteran.





Benefits


International Opportunities


Global adventure, broad exposure, and limitless learning await you. You'll be part of the most multi\\-cultural and diverse team of experts in any industry, anywhere.


Insurance


Health, vision, and dental insurance for you and your dependents available from day one.


Learning Opportunities


Global adventure, broad exposure, and limitless learning await you. You'll be part of the most multi\\-cultural and diverse team of experts in any industry, anywhere.


Diverse and
Inclusive


Our exceptional and diverse people are the pulse and spirit of who we are. Every day, you will enrich your knowledge in an environment where differences in thought, creativity and experiences are embraced.


About Us


We are a global technology company, driving energy innovation for a balanced planet. Together, we create amazing technology that unlocks access to energy for the benefit of all.


Global in outlook, local in practice – and with a united, shared passion for discovering solutions, we hire talented, driven people and support them to succeed, personally and professionally.

  

SLB is an equal employment opportunity employer. Qualified applicants are considered without regard to race, color, religion, sex, sexual orientation, gender identity, national origin, age, disability, or other characteristics protected by law.



We will endeavor to make a reasonable accommodation / modification to the known physical or mental limitations of a qualified applicant with a disability to assist in the hiring process, unless the accommodation would impose an undue hardship on the operation of our business, in accordance with applicable federal, state, and local law. If you believe you require such assistance to complete this form or to participate in the interview process, please contact accommodationhotline@slb.com to request assistance. Please note that only those inquiries concerning a request for reasonable accommodation will be responded to.



SLB is a VEVRAA Federal Contractor\\- priority referral Protected Veterans requested.","","https://www.indeed.com/cmp/Slb","https://d2q79iu7y748jz.cloudfront.net/s/_squarelogo/256x256/15fd250dd23f77ef1012eab7d1630d75","https://www.slb.com/","5599 San Felipe St # 106
Houston
United States","","","We are a global technology company driving energy innovation for a balanced planet.","","","","","",""
"in-8b48ae973fd250a4","indeed","https://www.indeed.com/viewjob?jk=8b48ae973fd250a4","https://dxctechnology.wd1.myworkdayjobs.com/en-US/DXCJobs/job/USA---NY---ANY-CITY/XMLNAME-51561073-Manager-Sale-Professional---CIS---CR-HLS_51549907","51561073 Manager Sale Professional - CIS & CR/HLS","DXC Technology","New York, NY, US","2026-03-03","fulltime","direct_data","yearly",119900.0,222700.0,"USD",False,"","","","","**Job Description:**

DXC Technology (NYSE: DXC) helps global companies run their mission\\-critical systems and operations while modernizing IT, optimizing data architectures, and ensuring security and scalability across public, private, and hybrid clouds. The world’s largest companies and public sector organizations trust DXC to deploy services across the Enterprise Technology Stack to drive new performance levels, competitiveness, and customer experience. Learn more about how we deliver excellence for our customers and colleagues at DXC.com .
**Location:** This is a virtual position; however, you must be open to traveling up to 50% of the time for client meetings.


* **Consumer \\& Retail, Healthcare \\& Life Sciences:** Candidates must be in NJ, NY, PA, MA, Seattle, WA or California.
* **Cross Industry Solutions (CIS)—Travel, Transportation, and High Tech:** Candidates should be located on either the East or West Coast.

**Overview:** DXC is looking for a Sales Professional to join our growing DXC Engineering team, which includes IT Consulting services, Data and Analytics, Applications, and Software Engineering. Sales professionals drive sales processes and outcomes within an industry, growing a profitable pipeline and/or backlog through deal origination, sales negotiations, and closure.


**Responsibilities**

* Business development, lead generation, and deal closures in the **Consumer \\& Retail, Healthcare \\& Life Sciences \\& Cross Industry Solutions (CIS)—Travel, Transportation, and High Tech** industry verticals
* Lead complex selling efforts that identify, qualify, cultivate, and close new businesses.
* Create and help frame Consumer \\& Retail, Healthcare \\& Life Sciences \\& Cross Industry Solutions (CIS)—Travel, Transportation, and High Tech's differentiated value story and develop strategic win themes for proposals.
* Create strategic and tactical plans to grow a book of businesses and assist in closing opportunities.
* Educate clients on DXC Consulting and Engineering capabilities within the financial and insurance industry and success stories to effectively communicate DXC’s value proposition to partners and customers.
* Interact with Senior Management levels at clients and within DXC
* Foster relationships, both with clients and internally with account teams
* Maintain accurate and timely customer, pipeline, and forecast data, working with Sales Operations

**Requirements**

* **Must have experience selling into one or more industries: Consumer \\& Retail, Healthcare \\& Life Sciences, Travel, Transportation, and High Tech.**
* Experience in Sales, Business Development, creating and winning opportunities in an individual contributor role
* **Experience selling DXC Consulting and Engineering services \\- Enterprise Platform (ETP), SAP, Data \\& AI, Custom Apps, Consulting**
* Experience working collaboratively with the Account teams to create strategic and tactical plans to uncover and close revenue opportunities within an industry.
* Proven track record in driving complex sales cycles and working on cross\\-functional teams
* Proven track record of consultative/relationship selling through increasing revenue from improving close ratios for new clients and expanding business with existing clients
* Extensive knowledge of the competitive landscape and sales process
* Ability to gain access and influence decision\\-makers at the highest levels in client organizations
* Ability to leverage and explore wider partnerships and their ecosystems to drive additional revenue and value creation by leveraging the marketplace by Significant business relationships and network with CXO levels
* Conversant in enterprise products, solutions, and technology strategies with the ability to convert current knowledge and skills to our partner ecosystem
* Willingness to travel frequently, based on the work you do and the clients and industries/sectors you serve

**Preferred Qualifications**

* Bachelor's Degree
* Core management consulting skills include:
* Executive \\& Digital Leadership Workshop facilitation
* Client interviews/focus groups
* Run end\\-to\\-end digital sales cycles (origination \\-\\> solution \\-\\> close)
* Prior experience inside a complex matrixed organization model is a plus
* Experience working with \\& jointly going to market with strategic vendors
* Design Client business cases

**Other Qualifications**

* Strong verbal and written communication skills to persuade others through presentations, demonstrations, and written communication.
* Effective communication skills include listening to clients and articulating back for problem\\-solving.
* Strong selling and negotiation skills
* Strong interpersonal and presentation skills for interacting with team members and prospective clients up to the Board level.
* Ability to work and lead in a team environment.
* Ability to create and maintain formal and informal networks.
* Ability to publicly represent the company with internal and external clients.
* Ability to use own judgment and initiative in problem resolution.
* Ability to present ideas, goals, problems, outcomes, and processes to a diverse audience.
* Ability to articulate and present the business value of Company solutions with a firm understanding of Company strategies and products related to the Company’s major competitors.

**Work Environment**

* Must be legally authorized to work in the United States without requiring sponsorship now or in the future.
Compensation at DXC is influenced by an array of factors, including but not limited to the experience, job\\-related knowledge, skills, competencies, as well as contract\\-specific affordability and organizational requirements. A reasonable estimate of the current compensation range for this position is $119,900 \\- $222,700\\.
Full\\-time hires are eligible to participate in the DXC benefit program. DXC offers a comprehensive, flexible, and competitive benefits program which includes, but is not limited to, health, dental, and vision insurance coverage; employee wellness; life and disability insurance; a retirement savings plan, paid holidays, paid time off.


At DXC Technology, we believe strong connections and community are key to our success. Our work model prioritizes in\\-person collaboration while offering flexibility to support wellbeing, productivity, individual work styles, and life circumstances. We’re committed to fostering an inclusive environment where everyone can thrive.


**If you are an applicant from the United States, Guam, or Puerto Rico**

DXC Technology Company (DXC) is an Equal Opportunity employer. All qualified candidates will receive consideration for employment without regard to race, color, religion, sex, sexual orientation, gender identity, national origin, age, disability, pregnancy, veteran status, genetic information, citizenship status, or any other basis prohibited by law. View postings below.


We participate in E\\-Verify. In addition to the posters already identified, DXC provides access to prospective employees for the **Federal Minimum Wage Poster, Federal Polygraph Protection Act Poster as well as any state or locality specific applicant posters** . To access the postings in the link below, select your state to view all applicable federal, state and locality postings. Postings are available in English, and in Spanish, where required. View postings below.


Postings Link


**Disability Accommodations**

If you are an individual with a disability, a disabled veteran, or a wounded warrior and you are unable or limited in your ability to access or use this site as a result of your disability, you may request a reasonable accommodation by contacting us via email .


Please note: DXC will respond only to requests for accommodations due to a disability.


Recruitment fraud is a scheme in which fictitious job opportunities are offered to job seekers typically through online services, such as false websites, or through unsolicited emails claiming to be from the company. These emails may request recipients to provide personal information or to make payments as part of their illegitimate recruiting process. DXC does not make offers of employment via social media networks and DXC never asks for any money or payments from applicants at any point in the recruitment process, nor ask a job seeker to purchase IT or other equipment on our behalf.","","https://www.indeed.com/cmp/Dxc-Technology","https://d2q79iu7y748jz.cloudfront.net/s/_squarelogo/256x256/dcf705be12911425bb9dd8aab9c971d0","http://www.dxc.com","Ashburn, VA","10,000+","more than $10B (USD)","DXC delivers the mission critical IT services that move the world","","","","","",""
"in-089f2bdc319602e9","indeed","https://www.indeed.com/viewjob?jk=089f2bdc319602e9","https://jobs.carnivalcorp.com/job/-/-/28021/92323378512","Specialist, Business Development & Sales Administration","Carnival Cruise Line","Miami, FL, US","2026-03-03","fulltime","","","","","",True,"","","","","The Specialist, Business Development and Sales Administration is responsible for managing the account expansion and sales growth of an assigned portfolio of travel agency accounts. Specialist is responsible for identifying areas of business opportunity via 2\\-way conversations and developing customized support to grow brand engagement, brand exposure and ultimately sales growth within targeted accounts. Role includes a combination of customer product training, selling, and customer engagement/support to drive long\\-term account success.

 **Essential Functions:**

* Manages existing account growth via outbound sales program: Responsible for a dedicated portfolio of travel agency accounts and driving incremental growth from that portfolio. Responsible for conducting account research to identify performance history and patterns, understanding customer purchase motivations and creating customized account management approaches to ensure growth. Specialist is tasked with achieving sales and performance targets within their assigned portfolio.
* Manages B2B customer engagement channels: Oversees community engagement and responsible for comment management for 5\\+ Facebook groups \\+ inbound emails from portfolio accounts. Provides guidance to trade partners on topics ranging from commission management to booking policies. Collaborates closely with Carnival contact center coaches and other sales colleagues to ensure positioning balances customer\\-centricity with CCL's business needs and priorities in way that drives NPS and supports future business expansion.
* Travel Agency Product Knowledge: Responsible for successfully onboarding newer and growing travel agencies assigned to portfolio. Consolidate CCL content \\+ agency interests, performance stats \\& any objections to create content that is compelling and drives incremental interest and sales from partner accounts and their employee groups. Responsible for guiding and supporting agency partners \\- via digital/remote tools (eg Teams, Zoom etc.) \\- to increase customer engagement with the brand and grow bookings.
* Act as SME for industry and company trends: Stay updated on news, announcements and positioning. Research and incorporate into sales techniques and materials and share tools and knowledge across the Business Development team to ensure all colleagues are similarly informed.

 **Knowledge, Skills \\& Abilities:**

* Scope: Position is part of Carnival's Global Sales and Trade Marketing organization and supports sales and customer support efforts for the trade distribution channel. This role works closely with Carnival’s Travel Agency partners, the Carnival Sales team, digital systems teams and Carnival's internal contact centers. The role supports shoreside business activities with limited exposure or activities with Carnival shipboard colleagues.
* Problem solving: Examples of some expected contributions include:
* Gaining access/appointments to travel agency accounts who have not actively worked with Carnival recently. Changing opinions and mindsets on Carnival brand from travel agencies who have brand affinity to a competitor. Adjusting sales message/script based on customer responses.
* Impact: Specialist oversees substantial portfolio of Carnival's newer/growth\\-potential travel agencies and is responsible for ensuring that these customers grow and outperform prior years. This role has significant impact on ticket revenue and travel agent NPS scores.
* Leadership: No direct reports. Significant collaboration and influence leadership with colleagues in Field Sales, Strategic Partner Sales, IT, Carnival Contact Center and Trade Marketing.

 **Qualifications:**

* 3\\+ years phone\\-based sales or customer service
* High School or GED; Bachelor's degree preferred in Business or related field but not required.
* Excellent customer service skills
* High degree of accuracy and attention to detail
* Strong communication skills to clearly and accurately respond in person, via email, and phone with business
* professionalism
* Ability to multi‐task and work efficiently in a fast‐paced environment
* Ability to continuously prioritize own workload with minimal direction
* Excellent interpersonal skills and a promoter of teamwork
* Ability to use a web browser and search the Internet
* Proven ability to build cross‐functional relationships and collaboration
* Flexible to adapt to changes and cross‐training of job requirements
* Strong work ethic
* Technical knowledge to troubleshoot, coordinate and leverage internal IT applications and databases and to
* maintain and create supporting data (policy/procedure) within Microsoft Word, PowerPoint and Excel.

  

Travel: No or very little travel likely


Work Conditions: Work primarily in a climate\\-controlled environment with minimal safety/health hazard potential.


Physical Demands: Must be able to remain in a stationary position at a desk and/or computer for extended periods of time.

  

This position is classified as “in\\-office.” As an in\\-office role, it requires employees to work from a designated Carnival office in South Florida Monday through Thursday each week. Employees may work from their homes on Fridays. Candidates must be located in (or willing to relocate to) the Miami/Ft. Lauderdale area.


Offers to selected candidates will be made on a fair and equitable basis, taking into account specific job\\-related skills and experience.


At Carnival, your total rewards package is much more than your base salary. All non\\-sales roles participate in an annual cash bonus program, while sales roles have an incentive plan. Director and above roles may also be eligible to participate in Carnival’s discretionary equity incentive plan. Plus, Carnival provides comprehensive and innovative benefits to meet your needs, including:

* Health Benefits:
	+ Cost\\-effective medical, dental and vision plans
	+ Employee Assistance Program and other mental health resources
	+ Additional programs include company paid term life insurance and disability coverage
* Financial Benefits:
	+ 401(k) plan that includes a company match
	+ Employee Stock Purchase plan
* Paid Time Off
	+ Holidays – All full\\-time and part\\-time with benefits employees receive days off for 8 company\\-wide holidays, plus 2 additional floating holidays to be taken at the employee’s discretion.
	+ Vacation Time – All full\\-time employees at the manager and below level start with 14 days/year; director and above level start with 19 days/year. Part\\-time with benefits employees receive time off based on the number of hours they work, with a minimum of 84 hours/year. All employees gain additional vacation time with further tenure.
	+ Sick Time – All full\\-time employees receive 80 hours of sick time each year. Part\\-time with benefits employees receive time off based on the number of hours they work, with a minimum of 60 hours each year.
* Other Benefits
	+ Complementary stand\\-by cruises, employee discounts on confirmed cruises, plus special rates for family and friends
	+ Personal and professional learning and development resources including tuition reimbursement
	+ On\\-site Fitness center at our Miami campus

  

\\#CCL


\\#LI\\-Hybrid


\\#LI\\-GS1


About Us


At Carnival Cruise Line, our mission is to consistently deliver safe, fun, and memorable vacations at a great value. As the world’s most popular cruise line, we offer a variety of unique experiences across our fleet, ensuring that every voyage is filled with excitement and discovery. From world\\-class entertainment and dining to exploring stunning destinations, we create lasting memories for our guests while maintaining a dedication to the places we visit and the lives we touch.

  

Join us and embark on a career that offers not only the chance to grow professionally but also the opportunity to be part of a global community that makes a difference.  

In addition to other duties/functions, this position requires full commitment and support for promoting ethical and compliant culture. More specifically, this position requires integrity, honesty, and respectful treatment of others, as well as a willingness to speak up when they see misconduct or have concerns.

  

Carnival Corporation \\& plc and Carnival Cruise Line is an equal employment opportunity/affirmative action employer. In this regard, it does not discriminate against any qualified individual on the basis of sex, race, color, national origin, religion, sexual orientation, age, marital status, mental, physical or sensory disability, or any other classification protected by applicable local, state, federal, and/or international law.


https://www.dol.gov/sites/dolgov/files/WHD/legacy/files/eppac.pdf


https://www.dol.gov/sites/dolgov/files/WHD/legacy/files/fmlaen.pdf","Restaurants Travel And Leisure","https://www.indeed.com/cmp/Carnival-Cruise-Line","https://d2q79iu7y748jz.cloudfront.net/s/_squarelogo/256x256/99ff4a066300d4bafc8cb2704572d87f","https://www.carnival.com","3655 NW 87th Avenue
Miami, FL 33178","10,000+","more than $10B (USD)","Carnival Cruise Line operates 24 ships designed to provide fun and memorable vacation experiences at an outstanding value.","","","","","",""
"in-8caa0a4ea1ed0244","indeed","https://www.indeed.com/viewjob?jk=8caa0a4ea1ed0244","https://tnl2.jometer.com/v2/job?jz=5wqzs64bdf32686532edfd545ae6c80900b61KUAAKAAAAABQ&iis=Job%20Board%20-%20Recruitment%20Marketing&iisn=Indeed%20Organic","Enterprise Franchise Account Manager","Uber","Chicago, IL, US","2026-03-03","fulltime","direct_data","yearly",75000.0,92750.0,"USD",False,"","","","","**About the Role**
  

  

As an Enterprise Franchise Account Manager, you will work efficiently with large franchise groups to drive revenue growth, operational excellence, and customer service. This person will work closely with restaurant partners, the restaurant support team, marketing and operations teams to optimize partnerships and provide maximum value for both Uber and its partners.
  

  

**What You'll Do**
* Navigate multiple relationships both internal and external to build strong relationships with Uber's enterprise franchise stakeholders.
* Strong communication, influencing and relationship\\-building skills.
* Sell marketing solutions, new products and negotiate business terms.
* Build and cultivate new relationships and potential partnerships within all parts of an organization.
* Increase your product sense. Ability to make product experience not just good, but amazing.
* Analyze data to provide detailed recommendations and solutions.
* Travel for negotiations, presentations, and relationship building
* Speediness and resourcefulness. This team moves fast and always operates in new spaces. Be a self\\-starter and collaborative leader

**Basic Qualifications*** 3\\+ years of full time professional experience

**Preferred Qualifications*** 5\\+ years of full time professional experience
* Bachelor Degree
* Experience in a client facing sales / performance\\-based role, managing goals and targets.
* Experience with in person presentations
* Experience with Salesforce
* Experience with negotiations, contracting and commercial conversations
* Previous experience working with enterprise or mid\\-market\\-sized accounts
* Experience manipulating data to make decisions and recommendations
Experience working with multiple stakeholders both internally and externally  
* 

  

  

For Chicago, IL\\-based roles: The base salary range for this role is USD$75,000 per year \\- USD$83,500 per year. For Dallas, TX\\-based roles: The base salary range for this role is USD$75,000 per year \\- USD$83,500 per year. For New York, NY\\-based roles: The base salary range for this role is USD$83,500 per year \\- USD$92,750 per year. For all US locations, you will be eligible to participate in Uber's bonus program, and may be offered sales bonuses \\& other types of comp. All full\\-time employees are eligible to participate in a 401(k) plan. You will also be eligible for various benefits. More details can be found at the following link https://jobs.uber.com/en/benefits.","","https://www.indeed.com/cmp/Uber","https://d2q79iu7y748jz.cloudfront.net/s/_squarelogo/256x256/ee830d7ec7f8237a6c769360a91e4938","https://www.uber.com","San Francisco, CA","10,000+","more than $10B (USD)","We reimagine the way the world moves for the better.","","","","","",""
"in-281d32da522f1048","indeed","https://www.indeed.com/viewjob?jk=281d32da522f1048","https://tnl2.jometer.com/v2/job?jz=5wqzs7a18b073a75bbd4e161842dd4a25677eKUAAKAAAAABQ&iis=Job%20Board%20-%20Recruitment%20Marketing&iisn=Indeed%20Organic","Enterprise Franchise Account Manager","Uber","Dallas, TX, US","2026-03-03","fulltime","direct_data","yearly",62500.0,77000.0,"USD",False,"","","","","**About the Role**
  

  

As an Enterprise Franchise Account Manager, you will work efficiently with large franchise groups to drive revenue growth, operational excellence, and customer service. This person will work closely with restaurant partners, the restaurant support team, marketing and operations teams to optimize partnerships and provide maximum value for both Uber and its partners.
  

  

**What You'll Do**
* Navigate multiple relationships both internal and external to build strong relationships with Uber's enterprise franchise stakeholders.
* Strong communication, influencing and relationship\\-building skills.
* Sell marketing solutions, new products and negotiate business terms.
* Build and cultivate new relationships and potential partnerships within all parts of an organization.
* Increase your product sense. Ability to make product experience not just good, but amazing.
* Analyze data to provide detailed recommendations and solutions.
* Travel for negotiations, presentations, and relationship building
* Speediness and resourcefulness. This team moves fast and always operates in new spaces. Be a self\\-starter and collaborative leader.

**Basic Qualifications**
* 3\\+ years of full time professional experience
* Bachelor Degree

**Preferred Qualifications*** 5\\+ years of full time professional experience
* Experience in a client facing sales / performance\\-based role, managing goals and targets.
* Experience with in person presentations
* Experience with Salesforce
* Experience with negotiations, contracting and commercial conversations
* Previous experience working with enterprise or mid\\-market\\-sized accounts
* Experience manipulating data to make decisions and recommendations
Experience working with multiple stakeholders both internally and externally  
* 

  

  

For Chicago, IL\\-based roles: The base salary range for this role is USD$62,500 per year \\- USD$69,250 per year. For Dallas, TX\\-based roles: The base salary range for this role is USD$62,500 per year \\- USD$69,250 per year. For New York, NY\\-based roles: The base salary range for this role is USD$69,500 per year \\- USD$77,000 per year. For all US locations, you will be eligible to participate in Uber's bonus program, and may be offered sales bonuses \\& other types of comp. All full\\-time employees are eligible to participate in a 401(k) plan. You will also be eligible for various benefits. More details can be found at the following link https://jobs.uber.com/en/benefits.","","https://www.indeed.com/cmp/Uber","https://d2q79iu7y748jz.cloudfront.net/s/_squarelogo/256x256/ee830d7ec7f8237a6c769360a91e4938","https://www.uber.com","San Francisco, CA","10,000+","more than $10B (USD)","We reimagine the way the world moves for the better.","","","","","",""
"in-8b76ca09f889eb2d","indeed","https://www.indeed.com/viewjob?jk=8b76ca09f889eb2d","https://tnl2.jometer.com/v2/job?jz=5wqzsfdf9888a66a079508ddb45d9021fc3b6KUAAKAAAAABQ&iis=Job%20Board%20-%20Recruitment%20Marketing&iisn=Indeed%20Organic","Enterprise Franchise Account Manager","Uber","Dallas, TX, US","2026-03-03","fulltime","direct_data","yearly",75000.0,92750.0,"USD",False,"","","","","**About the Role**
  

  

As an Enterprise Franchise Account Manager, you will work efficiently with large franchise groups to drive revenue growth, operational excellence, and customer service. This person will work closely with restaurant partners, the restaurant support team, marketing and operations teams to optimize partnerships and provide maximum value for both Uber and its partners.
  

  

**What You'll Do**
* Navigate multiple relationships both internal and external to build strong relationships with Uber's enterprise franchise stakeholders.
* Strong communication, influencing and relationship\\-building skills.
* Sell marketing solutions, new products and negotiate business terms.
* Build and cultivate new relationships and potential partnerships within all parts of an organization.
* Increase your product sense. Ability to make product experience not just good, but amazing.
* Analyze data to provide detailed recommendations and solutions.
* Travel for negotiations, presentations, and relationship building
* Speediness and resourcefulness. This team moves fast and always operates in new spaces. Be a self\\-starter and collaborative leader

**Basic Qualifications*** 3\\+ years of full time professional experience

**Preferred Qualifications*** 5\\+ years of full time professional experience
* Bachelor Degree
* Experience in a client facing sales / performance\\-based role, managing goals and targets.
* Experience with in person presentations
* Experience with Salesforce
* Experience with negotiations, contracting and commercial conversations
* Previous experience working with enterprise or mid\\-market\\-sized accounts
* Experience manipulating data to make decisions and recommendations
Experience working with multiple stakeholders both internally and externally  
* 

  

  

For Chicago, IL\\-based roles: The base salary range for this role is USD$75,000 per year \\- USD$83,500 per year. For Dallas, TX\\-based roles: The base salary range for this role is USD$75,000 per year \\- USD$83,500 per year. For New York, NY\\-based roles: The base salary range for this role is USD$83,500 per year \\- USD$92,750 per year. For all US locations, you will be eligible to participate in Uber's bonus program, and may be offered sales bonuses \\& other types of comp. All full\\-time employees are eligible to participate in a 401(k) plan. You will also be eligible for various benefits. More details can be found at the following link https://jobs.uber.com/en/benefits.","","https://www.indeed.com/cmp/Uber","https://d2q79iu7y748jz.cloudfront.net/s/_squarelogo/256x256/ee830d7ec7f8237a6c769360a91e4938","https://www.uber.com","San Francisco, CA","10,000+","more than $10B (USD)","We reimagine the way the world moves for the better.","","","","","",""
"in-37c66fc62b339479","indeed","https://www.indeed.com/viewjob?jk=37c66fc62b339479","https://tnl2.jometer.com/v2/job?jz=5wqzs66c679711c61057479bd8666695a681aKUAAKAAAAABQ&iis=Job%20Board%20-%20Recruitment%20Marketing&iisn=Indeed%20Organic","Enterprise Franchise Account Manager","Uber","New York, NY, US","2026-03-03","fulltime","direct_data","yearly",75000.0,92750.0,"USD",False,"","","","","**About the Role**
  

  

As an Enterprise Franchise Account Manager, you will work efficiently with large franchise groups to drive revenue growth, operational excellence, and customer service. This person will work closely with restaurant partners, the restaurant support team, marketing and operations teams to optimize partnerships and provide maximum value for both Uber and its partners.
  

  

**What You'll Do**
* Navigate multiple relationships both internal and external to build strong relationships with Uber's enterprise franchise stakeholders.
* Strong communication, influencing and relationship\\-building skills.
* Sell marketing solutions, new products and negotiate business terms.
* Build and cultivate new relationships and potential partnerships within all parts of an organization.
* Increase your product sense. Ability to make product experience not just good, but amazing.
* Analyze data to provide detailed recommendations and solutions.
* Travel for negotiations, presentations, and relationship building
* Speediness and resourcefulness. This team moves fast and always operates in new spaces. Be a self\\-starter and collaborative leader

**Basic Qualifications*** 3\\+ years of full time professional experience

**Preferred Qualifications*** 5\\+ years of full time professional experience
* Bachelor Degree
* Experience in a client facing sales / performance\\-based role, managing goals and targets.
* Experience with in person presentations
* Experience with Salesforce
* Experience with negotiations, contracting and commercial conversations
* Previous experience working with enterprise or mid\\-market\\-sized accounts
* Experience manipulating data to make decisions and recommendations
Experience working with multiple stakeholders both internally and externally  
* 

  

  

For Chicago, IL\\-based roles: The base salary range for this role is USD$75,000 per year \\- USD$83,500 per year. For Dallas, TX\\-based roles: The base salary range for this role is USD$75,000 per year \\- USD$83,500 per year. For New York, NY\\-based roles: The base salary range for this role is USD$83,500 per year \\- USD$92,750 per year. For all US locations, you will be eligible to participate in Uber's bonus program, and may be offered sales bonuses \\& other types of comp. All full\\-time employees are eligible to participate in a 401(k) plan. You will also be eligible for various benefits. More details can be found at the following link https://jobs.uber.com/en/benefits.","","https://www.indeed.com/cmp/Uber","https://d2q79iu7y748jz.cloudfront.net/s/_squarelogo/256x256/ee830d7ec7f8237a6c769360a91e4938","https://www.uber.com","San Francisco, CA","10,000+","more than $10B (USD)","We reimagine the way the world moves for the better.","","","","","",""
"in-8a866221859c51f7","indeed","https://www.indeed.com/viewjob?jk=8a866221859c51f7","https://tnl2.jometer.com/v2/job?jz=5wqzse80ee0c6d7d08b6aa20e3f87f5a96af1KUAAKAAAAABQ&iis=Job%20Board%20-%20Recruitment%20Marketing&iisn=Indeed%20Organic","Enterprise Franchise Account Manager","Uber","Chicago, IL, US","2026-03-03","fulltime","direct_data","yearly",62500.0,77000.0,"USD",False,"","","","","**About the Role**
  

  

As an Enterprise Franchise Account Manager, you will work efficiently with large franchise groups to drive revenue growth, operational excellence, and customer service. This person will work closely with restaurant partners, the restaurant support team, marketing and operations teams to optimize partnerships and provide maximum value for both Uber and its partners.
  

  

**What You'll Do**
* Navigate multiple relationships both internal and external to build strong relationships with Uber's enterprise franchise stakeholders.
* Strong communication, influencing and relationship\\-building skills.
* Sell marketing solutions, new products and negotiate business terms.
* Build and cultivate new relationships and potential partnerships within all parts of an organization.
* Increase your product sense. Ability to make product experience not just good, but amazing.
* Analyze data to provide detailed recommendations and solutions.
* Travel for negotiations, presentations, and relationship building
* Speediness and resourcefulness. This team moves fast and always operates in new spaces. Be a self\\-starter and collaborative leader.

**Basic Qualifications**
* 3\\+ years of full time professional experience
* Bachelor Degree

**Preferred Qualifications*** 5\\+ years of full time professional experience
* Experience in a client facing sales / performance\\-based role, managing goals and targets.
* Experience with in person presentations
* Experience with Salesforce
* Experience with negotiations, contracting and commercial conversations
* Previous experience working with enterprise or mid\\-market\\-sized accounts
* Experience manipulating data to make decisions and recommendations
Experience working with multiple stakeholders both internally and externally  
* 

  

  

For Chicago, IL\\-based roles: The base salary range for this role is USD$62,500 per year \\- USD$69,250 per year. For Dallas, TX\\-based roles: The base salary range for this role is USD$62,500 per year \\- USD$69,250 per year. For New York, NY\\-based roles: The base salary range for this role is USD$69,500 per year \\- USD$77,000 per year. For all US locations, you will be eligible to participate in Uber's bonus program, and may be offered sales bonuses \\& other types of comp. All full\\-time employees are eligible to participate in a 401(k) plan. You will also be eligible for various benefits. More details can be found at the following link https://jobs.uber.com/en/benefits.","","https://www.indeed.com/cmp/Uber","https://d2q79iu7y748jz.cloudfront.net/s/_squarelogo/256x256/ee830d7ec7f8237a6c769360a91e4938","https://www.uber.com","San Francisco, CA","10,000+","more than $10B (USD)","We reimagine the way the world moves for the better.","","","","","",""
"in-be87c0a820d8ab35","indeed","https://www.indeed.com/viewjob?jk=be87c0a820d8ab35","https://tnl2.jometer.com/v2/job?jz=5wqzs0afcb384f1a5c5f3203168c600f7fa29KUAAKAAAAABQ&iis=Job%20Board%20-%20Recruitment%20Marketing&iisn=Indeed%20Organic","Enterprise Franchise Account Manager","Uber","New York, NY, US","2026-03-03","fulltime","direct_data","yearly",62500.0,77000.0,"USD",False,"","","","","**About the Role**
  

  

As an Enterprise Franchise Account Manager, you will work efficiently with large franchise groups to drive revenue growth, operational excellence, and customer service. This person will work closely with restaurant partners, the restaurant support team, marketing and operations teams to optimize partnerships and provide maximum value for both Uber and its partners.
  

  

**What You'll Do**
* Navigate multiple relationships both internal and external to build strong relationships with Uber's enterprise franchise stakeholders.
* Strong communication, influencing and relationship\\-building skills.
* Sell marketing solutions, new products and negotiate business terms.
* Build and cultivate new relationships and potential partnerships within all parts of an organization.
* Increase your product sense. Ability to make product experience not just good, but amazing.
* Analyze data to provide detailed recommendations and solutions.
* Travel for negotiations, presentations, and relationship building
* Speediness and resourcefulness. This team moves fast and always operates in new spaces. Be a self\\-starter and collaborative leader.

**Basic Qualifications**
* 3\\+ years of full time professional experience
* Bachelor Degree

**Preferred Qualifications*** 5\\+ years of full time professional experience
* Experience in a client facing sales / performance\\-based role, managing goals and targets.
* Experience with in person presentations
* Experience with Salesforce
* Experience with negotiations, contracting and commercial conversations
* Previous experience working with enterprise or mid\\-market\\-sized accounts
* Experience manipulating data to make decisions and recommendations
Experience working with multiple stakeholders both internally and externally  
* 

  

  

For Chicago, IL\\-based roles: The base salary range for this role is USD$62,500 per year \\- USD$69,250 per year. For Dallas, TX\\-based roles: The base salary range for this role is USD$62,500 per year \\- USD$69,250 per year. For New York, NY\\-based roles: The base salary range for this role is USD$69,500 per year \\- USD$77,000 per year. For all US locations, you will be eligible to participate in Uber's bonus program, and may be offered sales bonuses \\& other types of comp. All full\\-time employees are eligible to participate in a 401(k) plan. You will also be eligible for various benefits. More details can be found at the following link https://jobs.uber.com/en/benefits.","","https://www.indeed.com/cmp/Uber","https://d2q79iu7y748jz.cloudfront.net/s/_squarelogo/256x256/ee830d7ec7f8237a6c769360a91e4938","https://www.uber.com","San Francisco, CA","10,000+","more than $10B (USD)","We reimagine the way the world moves for the better.","","","","","",""
"in-1be623c2b7798fa1","indeed","https://www.indeed.com/viewjob?jk=1be623c2b7798fa1","https://rayhaynes.SFAgentJobs.com/j/02wlo16","Account Manager - State Farm Agent Team Member","State Farm","Oswego, NY, US","2026-03-03","fulltime","direct_data","yearly",35000.0,45000.0,"USD",False,"","","","","**Benefits:**
* Salary Plus Commission
* Simple IRA
* Bonus based on performance
* Competitive salary
* Flexible schedule
* Opportunity for advancement
* Paid time off
* Training \\& development
**ROLE DESCRIPTION:**  

As Account Manager \\- State Farm Agent Team Member for Raymond Haynes \\- State Farm Agent, you are vital to our daily business operations and customers’ success. You grow our agency through meaningful customer relations and acting as a liaison between customer needs and agency departments. You improve the lives of our customers by proactively marketing relevant products and services.
  

  

Grow your career as you better your community. As an attentive, sociable, and sales\\-minded professional, we are eager to have you on our team.  

  

**RESPONSIBILITIES:**
* Develop and maintain customer relationships to drive retention and growth.
* Conduct policy reviews and provide recommendations to customers.
* Oversee the resolution of complex customer issues.
* Use your knowledge of our insurance products to recommend, explain and sell policies to both cold and warm leads.

**QUALIFICATIONS:**
* Experience in insurance sales or account management preferred.
* Leadership and interpersonal skills.
* Proven track record of meeting sales targets.
* Willingness to engage in sales conversations.","Insurance","https://www.indeed.com/cmp/State-Farm-319b4913","https://d2q79iu7y748jz.cloudfront.net/s/_squarelogo/256x256/5867d80f1eb47c6a05a7336a09095a77","http://jobs.statefarm.com","One State Farm Plaza
Bloomington, IL 61710","10,000+","more than $10B (USD)","State Farm® is the largest auto insurer in the U.S. since 1942.","","","","","",""
"in-5a5a9236864fbd76","indeed","https://www.indeed.com/viewjob?jk=5a5a9236864fbd76","https://shaneswan.SFAgentJobs.com/j/02wlo0p","Account Manager - State Farm Agent Team Member","State Farm","Clermont, FL, US","2026-03-03","fulltime","direct_data","yearly",85000.0,95000.0,"USD",False,"","","","","**Benefits:**
* Simple IRA
* License reimbursement
* Bonus based on performance
* Competitive salary
* Flexible schedule
* Health insurance
* Opportunity for advancement
* Paid time off
* Training \\& development
**ROLE DESCRIPTION:**  

As Account Manager \\- State Farm Agent Team Member for Shane Swan \\- State Farm Agent, you are vital to our daily business operations and customers’ success. You grow our agency through meaningful client relations and acting as a liaison between customer needs and agency departments. You improve the lives of our customers by proactively marketing relevant products and services.
  

  

Grow your career as you better your community. As an attentive, sociable, and sales\\-minded professional, we are eager to have you on our team.  

  

**RESPONSIBILITIES:**
* Develop and maintain client relationships to drive retention and growth.
* Conduct policy reviews and provide recommendations to clients.
* Oversee the resolution of complex customer issues.
* Use your knowledge of our insurance products to recommend, explain and sell policies to both cold and warm leads.

**QUALIFICATIONS:**
* Experience in insurance sales or account management preferred.
* Strong leadership and interpersonal skills.
* Proven track record of meeting sales targets.
* Willingness to engage in sales conversations.
* Bilingual Spanish preferred.","Insurance","https://www.indeed.com/cmp/State-Farm-319b4913","https://d2q79iu7y748jz.cloudfront.net/s/_squarelogo/256x256/5867d80f1eb47c6a05a7336a09095a77","http://jobs.statefarm.com","One State Farm Plaza
Bloomington, IL 61710","10,000+","more than $10B (USD)","State Farm® is the largest auto insurer in the U.S. since 1942.","","","","","",""
"in-c654d8c2d986ea06","indeed","https://www.indeed.com/viewjob?jk=c654d8c2d986ea06","https://briancover.SFAgentJobs.com/j/02wlo09","Account Manager - State Farm Agent Team Member","State Farm","Philadelphia, PA, US","2026-03-03","fulltime","direct_data","yearly",40000.0,95000.0,"USD",False,"","","","","**Position Overview:**
Are you outgoing and customer\\-focused? Do you enjoy working with the public? If you answered yes to these questions, working for a State Farm independent contractor agent may be the career for you! State Farm agents market only State Farm insurance and financial service products.

**Responsibilities:**
* Establish customer relationships and follow up with customers, as needed.
* Use a customer\\-focused, needs\\-based review process to educate customers about insurance options.
* Develop leads, schedule appointments, identify customer needs, and market appropriate products and services.

**As an Agent Team Member, you will receive...**
* 401k
* Salary plus commission/bonus
* Health benefits
* Paid time off (vacation and personal/sick days)
* Growth potential/Opportunity for advancement within my agency
* Hiring Bonus

**Requirements:**
* Interest in marketing products and services based on customer needs
* Excellent communication skills \\- written, verbal and listening
* People\\-oriented
* Detail oriented
* Proactive in problem solving
* Able to learn computer functions
* Ability to work in a team environment
* Property/Casualty and Life/Health insurance licenses (must be able to obtain)
* Bilingual Spanish preferred.

If you are motivated to succeed and can see yourself in this role, please complete our application. We will follow up with you on the next steps in the interview process.  

  

This position is with a State Farm independent contractor agent, not with State Farm Insurance Companies. Employees of State Farm agents must be able to successfully complete any applicable licensing requirements and training programs. State Farm agents are independent contractors who hire their own employees. State Farm agents’ employees are not employees of State Farm.","Insurance","https://www.indeed.com/cmp/State-Farm-319b4913","https://d2q79iu7y748jz.cloudfront.net/s/_squarelogo/256x256/5867d80f1eb47c6a05a7336a09095a77","http://jobs.statefarm.com","One State Farm Plaza
Bloomington, IL 61710","10,000+","more than $10B (USD)","State Farm® is the largest auto insurer in the U.S. since 1942.","","","","","",""
"in-b4dfcd68b382d59d","indeed","https://www.indeed.com/viewjob?jk=b4dfcd68b382d59d","https://fa-eups-saasfaprod1.fa.ocs.oraclecloud.com/hcmUI/CandidateExperience/en/sites/CX_1/requisitions/preview/8583","Sales Executive, Testing, Retail & Consumer Products","UL Solutions","US","2026-03-03","fulltime","direct_data","yearly",76000.0,139500.0,"USD",True,"","","","","* Supports planning of sales strategy and maintains ongoing plan to prioritize portfolio of accounts and maintain relationships throughout the year. Interfaces with customers primarily remotely (video, phone, email) to promote and sell UL products and services.
* Uses technical credibility to build relationships with buyers and centers of influence.
* Under moderate level of guidance, drives sales process from beginning to end, leveraging support from Sales Support Specialists and Inside Sales Executives when necessary.
* Follows up with customer to ensure renewal of services where applicable.
* Actions on opportunities to sell specialty product / services.
* Meets with new logo prospects from inbound and outbound channels to qualify their needs, understand decision\\-makers, and land new customers.
* Supports discovery, opportunity identification, proposals, and closing for sales of core UL products and services.
* Leverages technical support (engineers) when customer has a qualified need.
* Creates and maintains pipeline of new logo prospects to supplement existing account activities, owns new logo process through close of sale.
* Brings in additional resources when advantageous to support sales process, and delegates leadership of the sale to Technical Inside Sales Executives for highly technical or specialized products / services.
* Transitions implementation to success / fulfillment teams after sales have been closed to ensure seamless service delivery.
* Where applicable, supports development of GAM and SAM multi\\-year account plans in TIC by providing insight on area of specialization (specific product/ service).
* Supports remaining account managers on discovery and opportunity identification for assigned specialty products / services.
* Works under the close guidance of account managers (GAMs, SAMs) to seamlessly work with customers throughout the sales cycle.
* Provides any necessary information to SAM and GAM during account planning process on potential growth opportunities within assigned solution area.

  
* Bachelors and/or graduate degree in engineering or related field preferred. Proficient in MS Office (Word, PowerPoint, Excel, Outlook), and CRM software.
* Relevant technical capabilities related to assigned specialty product / service2\\+ years of related sales experience.
* Deep knowledge and experience with specialty product / services within assigned TIC portfolio.
* Proven ability to meet and exceed sales targets.
* Business acumen and deep understanding of business sales processes.  



**What you’ll experience working for ULS**
* UL Solutions has been pioneering change since 1894 and we’re still leading the way. From day one, we’ve blazed a trail protecting the planet and everyone on it. Our teams have influenced billions of products, plus services, software offerings and more. We break things, burn things and blow things up. All in the name of safety science.
* That’s where you come in — because none of it could happen without you. It takes passion to protect people, problem\\-solving to safeguard personal data and conviction to make the world a more sustainable place. It takes bold ideas and brilliant minds to build a better world for future generations across the globe.
* This is more than a job. It’s a calling. A passion to use our expertise and play our part in creating a more secure, sustainable world today — and tomorrow. As a member of our safety science community, you’ll use your ideas, your energy and your ambition to innovate, challenge and ultimately, help create a safer world.
* Everyone here is unique. But we’re also a global community, working together to help create a safer world. Join UL Solutions and you can connect with the brightest minds in the business, all bringing their distinct perspectives and diverse backgrounds together to deliver real change.
* Empowering our customers to keep the world safe means thinking ahead. It means investing in training and empowering our people to learn and innovate. At UL Solutions, we help build a better future — one where everyone benefits.
* Join UL Solutions to be at the center of safety. To learn more about us and the work we do, visit UL.com  



**What we offer:**
* Total Rewards: We understand compensation is an important factor as you consider the next step in your career. The estimated annual compensation for this position is $117,800\\. \\- $139,500\\. which includes a base salary of $76,000\\. \\- $90,000\\. and 100% on target performance. Members of the sales function are eligible to participate in the UL Solutions Sales Incentive Plan. The annual target incentive for this position is 55% of the base salary, paid quarterly, and is contingent upon performance. Compensation is based on multiple factors, including job\\-related knowledge/skills, experience, geographical location, as well as other factors.
This position also provides health benefits such as medical, dental and vision; wellness benefits such as mental and financial health; and retirement savings (401K) commensurate with the standard rewards offered in each individual location or country. We also provide full\\-time employees with paid time off including vacation (15 days), holiday including floating holidays (12 days) and sick time off (72 hours). The application deadline for this position is 9/2/2026\\.  
* 

* \\#LI\\-JK3
* \\#LI\\-Remote","","https://www.indeed.com/cmp/Ul-Solutions-1","https://d2q79iu7y748jz.cloudfront.net/s/_squarelogo/256x256/f2b63cf811b01087fad767834819ed67","http://www.ul.com/solutions","Northbrook, IL","10,000+","$1B to $5B (USD)","UL Solutions is a global company working for a safer world. ","","","","","",""
"in-ff4a325d7f39a817","indeed","https://www.indeed.com/viewjob?jk=ff4a325d7f39a817","https://gabriellebrennan.SFAgentJobs.com/j/02wlnyc","Account Manager - State Farm Agent Team Member","State Farm","Cockeysville, MD, US","2026-03-03","fulltime","direct_data","yearly",55000.0,75000.0,"USD",False,"","","","","**Benefits:**
* License reimbursement
* Simple IRA
* Bonus based on performance
* Competitive salary
* Opportunity for advancement
* Paid time off
* Training \\& development
* Free food \\& snacks
**Future Opening:** Gabrielle Brennan, State Farm Agent, will be out of the office until March 2026\\. Qualified applicants who have completed successful phone screenings will be forwarded to Gabrielle and contacted for in\\-person interviews upon her return. We appreciate your patience and interest in joining the team!  

  

**ROLE DESCRIPTION:**  

As an Account Manager \\- State Farm Agent Team Member for Gabrielle Brennan \\- State Farm Agent, you are vital to our daily business operations and customers’ success. You grow our agency through meaningful client relations and acting as a liaison between customer needs and agency departments, using both English and Spanish as the language of communications. You improve the lives of our customers by proactively marketing relevant products and services.
  

  

Grow your career as you better your community. As an attentive, sociable, and sales\\-minded professional, we are eager to have you on our team.  

  

**RESPONSIBILITIES:**
* Develop and maintain client relationships to drive retention and growth.
* Conduct policy reviews and provide recommendations to clients.
* Use your knowledge of our insurance products to recommend, explain and sell policies to both cold and warm leads.

**QUALIFICATIONS:**
* Bilingual Spanish (required).
* Experience in insurance sales or account management preferred.
* Strong leadership and interpersonal skills.
* Proven track record of meeting sales targets.
* Willingness to engage in sales conversations.","Insurance","https://www.indeed.com/cmp/State-Farm-319b4913","https://d2q79iu7y748jz.cloudfront.net/s/_squarelogo/256x256/5867d80f1eb47c6a05a7336a09095a77","http://jobs.statefarm.com","One State Farm Plaza
Bloomington, IL 61710","10,000+","more than $10B (USD)","State Farm® is the largest auto insurer in the U.S. since 1942.","","","","","",""
"in-6450f5558273fda2","indeed","https://www.indeed.com/viewjob?jk=6450f5558273fda2","https://iandavy-1.SFAgentJobs.com/j/02wlnvx","Account Manager - State Farm Agent Team Member","State Farm","Maplewood, MN, US","2026-03-03","fulltime","direct_data","yearly",50000.0,75000.0,"USD",False,"","","","","**Benefits:**
* Bonus based on performance
* Competitive salary
* Flexible schedule
* Health insurance
* Opportunity for advancement
* Paid time off
* Training \\& development
**ABOUT OUR AGENCY:**  

I opened my agency in 2013 after beginning my career with State Farm as a team member, which gave me a strong foundation in customer service and agency operations. I graduated from Hamline University, where I played college soccer, and today I’m a parent of three who stays busy coaching baseball, basketball, and football for my kids’ teams. When I’m not at work or on the sidelines, I enjoy getting out on the golf course whenever the weather allows. Staying involved in my children’s school and our community, including Nativity of Our Lord, is an important part of my life and leadership approach.  

Our agency is built on a culture of care, accountability, and growth. I invest heavily in my team to help each person meet and exceed their goals, and we’re deeply committed to shared success. We lean on our core values every day to guide our decisions and how we serve our customers: Commitment to Excellence, Honesty and Integrity, and Customer Service Above All Else.  

  

We offer time off, a Simple IRA with a 3% match, and life and disability insurance. We’re looking for someone who aligns with our values, cares about team success, brings a competitive mindset, and is coachable \\- someone who’s ready to grow in a supportive, high\\-standard environment.  

**ROLE DESCRIPTION:**  

As Account Manager \\- State Farm Agent Team Member for Ian Davy \\- State Farm Agent, you are vital to our daily business operations and customers’ success. You grow our agency through meaningful customer relations and acting as a liaison between customer needs and agency departments. You improve the lives of our customers by proactively marketing relevant products and services.
  

  

Grow your career as you better your community. As an attentive, sociable, and sales\\-minded professional, we are eager to have you on our team.  

  

**RESPONSIBILITIES:**
* Develop and maintain customer relationships to drive retention and growth.
* Conduct policy reviews and provide recommendations to customers.
* Oversee the resolution of complex customer issues.
* Use your knowledge of our insurance products to recommend, explain and sell policies to both cold and warm leads.

**QUALIFICATIONS:**
* Experience in insurance sales or account management preferred.
* Leadership and interpersonal skills.
* Proven track record of meeting sales targets.
* Willingness to engage in sales conversations.","Insurance","https://www.indeed.com/cmp/State-Farm-319b4913","https://d2q79iu7y748jz.cloudfront.net/s/_squarelogo/256x256/5867d80f1eb47c6a05a7336a09095a77","http://jobs.statefarm.com","One State Farm Plaza
Bloomington, IL 61710","10,000+","more than $10B (USD)","State Farm® is the largest auto insurer in the U.S. since 1942.","","","","","",""
"in-f7f408a14154e763","indeed","https://www.indeed.com/viewjob?jk=f7f408a14154e763","http://jobs.lslcareers.com/job-detail/50729/2026-03-03?referral=indeed","Sales Specialist","Legend Senior Living","Wichita, KS, US","2026-03-03","fulltime","","","","","",False,"","","","","**Sales Specialist**


A certified Great Place To Work (voted by associates) 7 years in a row!


**Benefits\\-****Sales Specialist**


* **Bonus eligibility** (based on performance)
* **Cell phone allotment**
* **Mileage reimbursement**
* **Medical, Dental, Vision** offerings (for benefit eligible associates)
* Company Paid **Life Insurance** coverage in the amount of $30,000
* **Voluntary benefits** including: Hospital Indemnity, Accident Insurance, Critical Illness, legal/Identify Theft, and Disability insurance (for benefit eligible associates)
* **401(k)** program including discretionary company match
* Competitive **Paid Time Off** (for full\\-time associates)
* **Holiday pay**
* Discretionary **Scholarship program**
* Annual performance **evaluations/raises**


**JOB HIGHLIGHTS\\-****Sales Specialist**


We're seeking a driven **Sales Specialist** to join our team at Legend Senior Living, where you'll play a pivotal role in advancing our vision and achieving industry\\-leading occupancy goals. Your responsibilities will encompass all sales activities, community outreach, and special events, with a focus on generating and following up on leads to maximize occupancy in our communities. Your goal is to drive sales results in a particular region through consistency, urgency, and compassion.


**Responsibilities\\-****Sales Specialist**


* Ensuring each community meets established budgetary goals, especially in locations with vacant Sales Director positions or underperforming communities.
* Steping in as the Sales Director in transitional periods, ensuring continuity and operational effectiveness until a permanent Sales Director is onboarded.
* Collaborating closely with Sales Directors across multiple communities to plan and execute sales and marketing programs, contributing to company\\-wide strategy and initiatives.
* TRAVEL: This role demands flexibility and a results\\-driven approach, including extensive travel (Monday through Friday, typically) and extended stays as needed at communities requiring assistance.


**Why we should be your “home away from home”**


* **Work environment:** Our focus is to maximize the potential of every life we touch. We do this by creating an elegant community where our residents are surrounded by the highest standards of quality of service, environment and care. This includes Holistic Wellness, Gold Leaf Dining standards and vibrant Life Enrichment activities.
* **Associate support available:** Work friend trainer, employee assistance program, crisis care assistance, paid\\-time\\-off donations, continuing education opportunities, appreciation/sympathy gifts, family member discount.
* **Associate growth opportunities**: In addition to competitive pay, hundreds of associates are promoted each year! We conduct annual performance evaluations with raises.
* **Company snapshot:** Legend has been a family business for 30 years, and is adding multiple properties each year! Our awards include: Great Place To Work, Best of Senior Living Award, Innovative Programming in Senior Living.


**Requirements**

**Requirements\\-****Sales Specialist**


* Required: A minimum of **three years of experience** in a sales role including community awareness, development of outreach programs and lead event coordination
* Prefer: sales experience in assisted living, independent living, skilled nursing facility or memory care community
* Required: Ability to meet occupancy, community outreach and other **sales goals**
* Required: Strong **written and verbal communicatio**n skills
* Required: Ability to **track all sales activities** and meet budgeted occupancy, revenue, and quarterly sales goals
* Required: **Computer skills,** including experience with Microsoft Office and Outlook
* Required: Ability to **manage multiple priorities** and responsibilities
* Required: The ability to **assure residence awareness** through design, implementation, and maintenance of outreach programs for referral sources and community organizations


***To learn more about this exciting opportunity, apply today!***


*Legend Senior Living is a drug free workplace and drug screening will be conducted at the company’s discretion. This position may require the associate to work evenings and weekends as needed.*


*Applications are accepted on an ongoing basis.*","","https://www.indeed.com/cmp/Legend-Senior-Living","https://d2q79iu7y748jz.cloudfront.net/s/_squarelogo/256x256/5ec497fa53f4b3feed7a48f7b80c9687","https://www.lslcareers.com/","Wichita, KS","1,001 to 5,000","$100M to $500M (USD)","Legend Senior Living is founded on values of servanthood, caring, and character.","","","","","",""
"in-047a9d5ffc4c1472","indeed","https://www.indeed.com/viewjob?jk=047a9d5ffc4c1472","http://www.indeed.com/job/food-manufacturer-sales-representative-047a9d5ffc4c1472","Food Manufacturer Sales Representative","Easy Foods Inc.","Minneapolis-Saint Paul, MN, US","2026-03-03","fulltime","direct_data","yearly",90000.0,92000.0,"USD",True,"","","","","Job description:

**Role Overview**

As a Manufacturer Sales Representative, you will be the face of our brand within the foodservice ecosystem. You aren't just selling a product; you are a strategic partner to our distributors. You will spend your days in the field building high\\-impact relationships, conducting dynamic training sessions, and driving market share growth through innovative sales strategies

\\- **Key Responsibilities**

* **Strategic Partnership:** Conduct daily sales calls with Foodservice distributors and work alongside their sales teams to identify new opportunities.
* **Market Growth:** Drive sales through cold calling, networking, and executing strategic territory plans to exceed performance goals.
* **Product Advocacy:** Lead engaging training sessions, district meetings, and virtual presentations to educate partners on our value proposition.
* **Event Excellence:** Represent the company at food shows and industry events (requires the ability to stand for 8\\+ hours and lift/move up to 50 lbs).
* **Travel:** Manage a consistent travel schedule (including overnights) using your personal vehicle to maintain a strong presence in the market.

**What You Bring to the Table**

* **Experience:** Previous experience in Foodservice Distributor sales or as a Manufacturer Rep is highly preferred.
* **Mindset:** You are a self\\-motivated, strategic thinker who uses creativity to solve problems and build long\\-term relationships.
* **Professionalism:** You maintain a high level of professional integrity and a polished presence in all interactions.
* **Logistics:** You must reside in the vicinity of the territory, possess a dependable vehicle, a valid Driver’s License, and a clean driving record.
* **Communication:** Strong verbal and written skills; **Bilingual (Spanish/English)** is a significant plus.
* **Compensation \\& Benefits**
* **Competitive Pay:** Base salary plus a performance\\-based monthly bonus.
* **Flexibility:** Full\\-time, remote\\-based position with mid\\-week travel

Job Type: Full\\-time

Benefits:

* 401(k)
* Dental insurance
* Health insurance
* Paid time off
* Vision insurance

Work Location: In person

Job Type: Full\\-time

Pay: $90,000\\.00 \\- $92,000\\.00 per year

Benefits:

* 401(k)
* Dental insurance
* Health insurance
* Paid time off
* Vision insurance

Work Location: Remote","","https://www.indeed.com/cmp/Easy-Foods-Inc.-1","https://d2q79iu7y748jz.cloudfront.net/s/_squarelogo/256x256/576fc239033c7f750f904a6adf30b2c8","https://easyfoodsinc.com","","","","","","","","","",""
"in-bb0ad46f79456b02","indeed","https://www.indeed.com/viewjob?jk=bb0ad46f79456b02","http://www.indeed.com/job/government-business-manager-bb0ad46f79456b02","Government Business Manager","SETplan Consultancy Services Pvt Ltd","Remote, US","2026-03-03","fulltime","direct_data","yearly",350000.0,750000.0,"USD",True,"","","","","* Role is with respect to Manpower Outsourcing Government contracts
* Candidate is expected to work with government sector opportunities through E\\-tendering system such as GEM Portal from Govt of India, KPPP portal of State Government of Karnataka \\& through networking accordingly
* Candidate is expected to convert opportunities in online portal to win through personal visits to Government departments \\& close the deals in working with Senior Manager.
* Candidate to work with internal teams in due diligence related bill payments, resolving customer issues
* Candidate is expected to travel within Bangalore \\& throughout State of Karnataka \\& southern Indian states
* Candidate will undergo extensive training for one to three months on the job

**Preferred candidate profile**

* 2\\-8years of experience in sales, government sales, or related fields (freshers welcome).
* MBA/PGDM degree from a reputed institution (Marketing or Operations specialisation preferred).
* Excellent communication \\& interpersonal skills; proficiency in Kannada language is an added advantage

Job Type: Full\\-time

Pay: $350,000\\.00 \\- $750,000\\.00 per year

Work Location: Remote","","https://www.indeed.com/cmp/Setplan-Consultancy-Services-Pvt-Ltd","","","","","","","","","","","",""
"in-746abbcb97ee7839","indeed","https://www.indeed.com/viewjob?jk=746abbcb97ee7839","https://yohrconsultancy.hiresome.ai/apply_form/enterprise-account-executive-grc-cybersecurity-69a6bb611b2592d55a73e10f","Enterprise Account Executive - GRC/Cybersecurity","YO IT CONSULTING","GA, US","2026-03-03","fulltime","","","","","",False,"","","","","### **Experience:** **10 to 18 Years**


**The Role** :


We are hiring a high\\-performing, hunter\\-focused **Enterprise (5000\\+ Employees)** Account Executive to drive net new logo acquisition across the MEA region. This is a quota\\-carrying role targeting 6–7 figure enterprise platform deals ($100K–$1M\\+ ACV) with large enterprises operating across multiple regulatory environments.


**Key Responsibilities :**


* Own and exceed $1\\.5M\\+ annual new business quota
* Drive 80–100% net\\-new logo acquisition across MEA
* Build and manage a high\\-quality, multi\\-threaded enterprise pipeline
* Run structured enterprise sales cycles (prospecting to close)
* **Engage CISOs, CROs, CIOs, Heads of Risk, Audit \\& Compliance**
* Navigate RFPs, procurement, security reviews, and legal processes
* Leverage partner and hyperscaler co\\-sell motions

**Required Experience (Mandatory)**


* **10\\+ years enterprise software sales experience**
* **Proven track record closing 6–7 figure enterprise deals**
* **Experience carrying $1\\.5M\\+ annual quota**
* **Strong new\\-logo hunter background (minimum 80/20 split)**
* **Experience selling into regulated industries**
* **Fluent Arabic and English (mandatory)**
* **Strong command of MEDDIC / Challenger / Command of the Message or similar methodologies**

Preferred Background :


* **GRC / IRM / Risk / Compliance / Cybersecurity** **platforms**
* Experience replacing legacy GRC systems or fragmented compliance stacks
* Experience operating in high\\-growth or startup environments","","https://www.indeed.com/cmp/Yo-IT-Consulting","","","","","","","","","","","",""
"in-05f4448c97bc054e","indeed","https://www.indeed.com/viewjob?jk=05f4448c97bc054e","https://yohrconsultancy.hiresome.ai/apply_form/enterprise-account-executive-grc-cybersecurity-69a6bb3e1b2592d55a73e01e","Enterprise Account Executive - GRC/Cybersecurity","YO IT CONSULTING","US","2026-03-03","fulltime","","","","","",False,"","","","","### **Experience:** **10 to 18 Years**


**The Role** :


We are hiring a high\\-performing, hunter\\-focused **Enterprise (5000\\+ Employees)** Account Executive to drive net new logo acquisition across the MEA region. This is a quota\\-carrying role targeting 6–7 figure enterprise platform deals ($100K–$1M\\+ ACV) with large enterprises operating across multiple regulatory environments.


**Key Responsibilities :**


* Own and exceed $1\\.5M\\+ annual new business quota
* Drive 80–100% net\\-new logo acquisition across MEA
* Build and manage a high\\-quality, multi\\-threaded enterprise pipeline
* Run structured enterprise sales cycles (prospecting to close)
* **Engage CISOs, CROs, CIOs, Heads of Risk, Audit \\& Compliance**
* Navigate RFPs, procurement, security reviews, and legal processes
* Leverage partner and hyperscaler co\\-sell motions

**Required Experience (Mandatory)**


* **10\\+ years enterprise software sales experience**
* **Proven track record closing 6–7 figure enterprise deals**
* **Experience carrying $1\\.5M\\+ annual quota**
* **Strong new\\-logo hunter background (minimum 80/20 split)**
* **Experience selling into regulated industries**
* **Fluent Arabic and English (mandatory)**
* **Strong command of MEDDIC / Challenger / Command of the Message or similar methodologies**

Preferred Background :


* **GRC / IRM / Risk / Compliance / Cybersecurity** **platforms**
* Experience replacing legacy GRC systems or fragmented compliance stacks
* Experience operating in high\\-growth or startup environments","","https://www.indeed.com/cmp/Yo-IT-Consulting","","","","","","","","","","","",""
"in-998d0878bf1ac412","indeed","https://www.indeed.com/viewjob?jk=998d0878bf1ac412","https://ironsmithfire.hua.hrsmart.com/pm_module/cgi-bin/click.cgi?job_id=46&site_id=148","Service Account Manager","Ironsmith fire","La Vergne, TN, US","2026-03-03","fulltime","","","","","",False,"","","","","Job Description: **ABOUT IRONSMITH FIRE, LLC**


Our mission is to lead the fire protection industry by honoring craftsmanship, saving lives and property, and providing peace of mind to our customers. We work with general contractors, business owners, property developers, engineers, and many other types of clients to provide life saving fire protection systems. Our core values are the backbone of our business and guide everything we do, including the hiring process. These core values are Effective Communication, Results\\-Driven, Disciplined, Professional, and Trustworthiness. Ironsmith Fire, LLC operates in seven states throughout the southeast and is growing by the day.


**POSITION SUMMARY**


A Contract Account Manager at Ironsmith Fire plays a crucial role in driving revenue and fostering partnerships with general contractors. They cultivate long\\-term relationships and are the point of contact for general contractors. Their role involves developing strategic sales plans and estimates, coordinating project execution, and ensuring customer satisfaction and business growth. As part of the Client Solutions Department, the Contract Account Manager is the solution provider for our clients.


**OBJECTIVES**


* Identify and prospect potential general contractors as key customers for Ironsmith Fire.
* Develop strategic sales plans and estimates to increase market share and revenue.
* Develop detailed analysis of bid documents to ensure scope of work is fully covered in our proposal, and confirmation of local AHJ requirements to ensure our proposals are inclusive of all work that will be required.
* Submit proposals on time as indicated in the invitation to bid, in the format requested by the customer to ensure our proposal is presented in a way that makes the customer’s job easier.
* Review contracts and confirm scope of work is accurate, contract is fair, and we meet all requirements of the agreement.
* Proper turnover to accounting providing all required information and documentation for new job set up.
* Proper turnover to operations (design, fabrication, and installation teams) to ensure they are well informed on the intended scope of work.
* Funnel communications obtained from the customer to the operations team to ensure we are meeting the customer’s expectations.
* Quickly address scope of work changes after contract award and, where applicable, request change orders for extra work to avoid profit creep and budget overruns.
* Work with accounting on collection of past due invoices and be the final voice to the customer before turning over uncollectable invoices to collections.
* Cultivate and maintain long\\-term relationships with customers through effective communication.
* Present proposals to customers that highlight the value of Ironsmith Fire.
* Serve as the primary point of contact for customers throughout the project, from initial inquiry to project completion.
* Monitor project timelines, budgets and deliverables.
* Maintain regular communication with the general contractors to address inquiries, provide updates, and solicit feedback.
* Act as a trusted advisor and resource for customers, offering technical expertise, guidance and support.
* Stay informed about industry trends, market developments, and competitor activities related to fire sprinkler systems and construction.
* Analyze metrics and KPI’s associated with this position to assess progress towards goals and identify areas for improvement.

  

  

  

**Job Requirements:** **COMPETENCIES**


* Strong interpersonal skills to establish and maintain trust\\-based relationships with customers.
* Comprehensive understanding of fire protection systems, building codes, local regulations, and industry standards.
* Capacity to coordinate projects, manage timelines and budgets, and collaborate with internal teams to ensure successful execution of projects.
* Effective communication skills.
* Ability to stay informed on industry trends, competitor activity, and market developments to adapt sales strategies.
* Aptitude for identifying and resolving issues that may arise during the sales process or project execution.
* Technologically proficient with Microsoft Office Suite, project management and CRM software.


**EDUCATION AND EXPERIENCE**


* Minimum of 5\\-years in fire sprinkler design.
* Comprehensive understanding of the fire protection industry and applicable regulations.
* Professional certifications related to fire protection, business management, or leadership are advantageous, such as NICET Certification.


**\\*\\*\\*There is always a place at Ironsmith Fire for people that care!!!\\*\\*\\***


**PHYSICAL REQUIREMENTS**


* The ability to maintain a high level of energy and stamina to manage long hours, travel requirements, and the stress associated with high\\-level decision making.
* The ability to travel, sometimes extensively, to meet with clients.
* While primarily a skill, the physical aspect includes the ability to speak clearly and effectively in public and private settings, and to engage in face\\-to\\-face meetings.
* Good general health to fulfill job responsibilities effectively, including being able to work long hours when necessary.


**COMMITMENT TO DIVERSITY**


At Ironsmith Fire, we're dedicated to fostering an inclusive workplace where everyone feels valued and respected. We actively encourage applications from diverse backgrounds and believe that embracing differences enhances our team's creativity and effectiveness. Regardless of race, gender, age, religion, or other characteristics, we welcome all to join us in creating a culture where everyone can thrive.


**FEATURED BENEFITS**


* Very Competitive Commission Structure
* Employee Paid Medical Insurance
* Dental and Vision Plans
* Health Savings Account
* 401(k) tax\\-advantaged retirement plan
* Profit\\-Sharing Plan
* Company Provided Life Insurance","","https://www.indeed.com/cmp/Ironsmith-Fire","https://d2q79iu7y748jz.cloudfront.net/s/_squarelogo/256x256/2a776f7a75cd383d042faea977c4dc66","http://www.ironsmithfire.com","Memphis:

374 Distribution Parkway
Collierville, Tennessee 38017

Nashville:

106 Wheeler Street
La Vergne, TN 37086","51 to 200","","Crafting life-saving fire protection systems with integrity, precision, and grit. Ironsmith Fire delivers quality you can trust—built by tradesmen, powered by purpose.","","","","","",""
"in-14e4ffc215193c8a","indeed","https://www.indeed.com/viewjob?jk=14e4ffc215193c8a","https://ironsmithfire.hua.hrsmart.com/pm_module/cgi-bin/click.cgi?job_id=47&site_id=148","Contract Account Manager","Ironsmith fire","Nashville, TN, US","2026-03-03","fulltime","","","","","",False,"","","","","Job Description: **ABOUT IRONSMITH FIRE, LLC**


Our mission is to lead the fire protection industry by honoring craftsmanship, saving lives and property, and providing peace of mind to our customers. We work with general contractors, business owners, property developers, engineers, and many other types of clients to provide life saving fire protection systems. Our core values are the backbone of our business and guide everything we do, including the hiring process. These core values are Effective Communication, Results\\-Driven, Disciplined, Professional, and Trustworthiness. Ironsmith Fire, LLC operates in seven states throughout the southeast and is growing by the day.


**POSITION SUMMARY**


A Contract Account Manager at Ironsmith Fire plays a crucial role in driving revenue and fostering partnerships with general contractors. They cultivate long\\-term relationships and are the point of contact for general contractors. Their role involves developing strategic sales plans and estimates, coordinating project execution, and ensuring customer satisfaction and business growth. As part of the Client Solutions Department, the Contract Account Manager is the solution provider for our clients.


**OBJECTIVES**


* Identify and prospect potential general contractors as key customers for Ironsmith Fire.
* Develop strategic sales plans and estimates to increase market share and revenue.
* Develop detailed analysis of bid documents to ensure scope of work is fully covered in our proposal, and confirmation of local AHJ requirements to ensure our proposals are inclusive of all work that will be required.
* Submit proposals on time as indicated in the invitation to bid, in the format requested by the customer to ensure our proposal is presented in a way that makes the customer’s job easier.
* Review contracts and confirm scope of work is accurate, contract is fair, and we meet all requirements of the agreement.
* Proper turnover to accounting providing all required information and documentation for new job set up.
* Proper turnover to operations (design, fabrication, and installation teams) to ensure they are well informed on the intended scope of work.
* Funnel communications obtained from the customer to the operations team to ensure we are meeting the customer’s expectations.
* Quickly address scope of work changes after contract award and, where applicable, request change orders for extra work to avoid profit creep and budget overruns.
* Work with accounting on collection of past due invoices and be the final voice to the customer before turning over uncollectable invoices to collections.
* Cultivate and maintain long\\-term relationships with customers through effective communication.
* Present proposals to customers that highlight the value of Ironsmith Fire.
* Serve as the primary point of contact for customers throughout the project, from initial inquiry to project completion.
* Monitor project timelines, budgets and deliverables.
* Maintain regular communication with the general contractors to address inquiries, provide updates, and solicit feedback.
* Act as a trusted advisor and resource for customers, offering technical expertise, guidance and support.
* Stay informed about industry trends, market developments, and competitor activities related to fire sprinkler systems and construction.
* Analyze metrics and KPI’s associated with this position to assess progress towards goals and identify areas for improvement.

  



  

  

**Job Requirements:** **COMPETENCIES**


* Strong interpersonal skills to establish and maintain trust\\-based relationships with customers.
* Comprehensive understanding of fire protection systems, building codes, local regulations, and industry standards.
* Capacity to coordinate projects, manage timelines and budgets, and collaborate with internal teams to ensure successful execution of projects.
* Effective communication skills.
* Ability to stay informed on industry trends, competitor activity, and market developments to adapt sales strategies.
* Aptitude for identifying and resolving issues that may arise during the sales process or project execution.
* Technologically proficient with Microsoft Office Suite, project management and CRM software.


**EDUCATION AND EXPERIENCE**


* Minimum of 5\\-years in fire sprinkler design.
* Comprehensive understanding of the fire protection industry and applicable regulations.
* Professional certifications related to fire protection, business management, or leadership are advantageous, such as NICET Certification.


**\\*\\*\\*There is always a place at Ironsmith Fire for people that care!!!\\*\\*\\***


**PHYSICAL REQUIREMENTS**

* The ability to maintain a high level of energy and stamina to manage long hours, travel requirements, and the stress associated with high\\-level decision making.
* The ability to travel, sometimes extensively, to meet with clients.
* While primarily a skill, the physical aspect includes the ability to speak clearly and effectively in public and private settings, and to engage in face\\-to\\-face meetings.
* Good general health to fulfill job responsibilities effectively, including being able to work long hours when necessary.


**COMMITMENT TO DIVERSITY**


At Ironsmith Fire, we're dedicated to fostering an inclusive workplace where everyone feels valued and respected. We actively encourage applications from diverse backgrounds and believe that embracing differences enhances our team's creativity and effectiveness. Regardless of race, gender, age, religion, or other characteristics, we welcome all to join us in creating a culture where everyone can thrive.


**FEATURED BENEFITS**


* Very Competitive Commission Structure
* Employee Paid Medical Insurance
* Dental and Vision Plans
* Health Savings Account
* 401(k) tax\\-advantaged retirement plan
* Profit\\-Sharing Plan
* Company Provided Life Insurance","","https://www.indeed.com/cmp/Ironsmith-Fire","https://d2q79iu7y748jz.cloudfront.net/s/_squarelogo/256x256/2a776f7a75cd383d042faea977c4dc66","http://www.ironsmithfire.com","Memphis:

374 Distribution Parkway
Collierville, Tennessee 38017

Nashville:

106 Wheeler Street
La Vergne, TN 37086","51 to 200","","Crafting life-saving fire protection systems with integrity, precision, and grit. Ironsmith Fire delivers quality you can trust—built by tradesmen, powered by purpose.","","","","","",""
"in-84e2e4f520d3a340","indeed","https://www.indeed.com/viewjob?jk=84e2e4f520d3a340","https://grnh.se/51q4z4931us","Technical Account Manager 3 (French speaking)","Datadog","New York, NY, US","2026-03-03","","direct_data","yearly",124000.0,181500.0,"USD",False,"","","","","We are Datadog's in\\-house product experts. The technical solutions team enables Datadog's worldwide growth by educating potential clients and ensuring that existing customers are happy and successful. A Technical Account Manager (TAM) will continue to provide hands\\-on technical services to our largest customers by supporting, adopting and providing guidance over the comprehensive suite of products and features available at Datadog. A TAM is held in high regard as an expert and trusted advisor for how IT Operations translates to business value.


*At Datadog, we place value in our office culture \\- the relationships and collaboration it builds and the creativity it brings to the table. We operate as a hybrid workplace to ensure our Datadogs can create a work\\-life harmony that best fits them.*


**What You'll Do:**


* Advise on technical support and product adoption for customers in line with pre\\-sales, post\\-sales and the renewal processes
* Analyze customer's IT Operations environment on a regular basis and provide recommendations that will maximize Datadog's value.
* Be the customer's advocate by knowing their goals and use cases then suggesting process changes, product adoption, configuration and additional features to meet their requirements
* Participate and prepare for Monthly and Quarterly Business Reviews with customers
* Collaborate with Datadog's product management, engineering and technical services teams to help identify new features and products
* Continuously evolve best practice to technical product adoption and customer success


**Who You Are:**


* Someone with a solid technical grounding and hands\\-on experience of IT Operations
* Confident in your hands on experience AWS, Azure or GCP
* Comfortable scripting languages like Python, Javascript, Ruby, Perl, Go, PHP, or Chef/Puppet etc.
* Skilled in using CI/CD tools e.g. Jenkins, Gitlab etc.
* Knowledgeable about Containerization tools e.g. Docker, Kubernetes or Rancher etc.
* Able to sit up to 4 hours, traveling to and from client sites
* Able to travel via auto, train or air up to 30% of the time
* Previous experience working as a TAM supporting mid\\-market and/or Enterprise customers in the cloud space
* Experienced using Datadog and/or other cloud monitoring tools
* Fluent in written and spoken English and French


*Datadog values people from all walks of life. We understand not everyone will meet all the above qualifications on day one. That's okay. If you're passionate about technology and want to grow your skills, we encourage you to apply.*


**Benefits and Growth:**


* Best\\-in\\-breed onboarding
* Generous global benefits
* Intra\\-departmental mentor and buddy program for in\\-house networking
* New hire stock equity (RSUs) and employee stock purchase plan (ESPP)
* Continuous professional development, product training, and career pathing
* An inclusive company culture, able to join our Community Guilds and Inclusion Talks


*Benefits and Growth listed above may vary based on the country of your employment and the nature of your employment with Datadog.*

  



\\#LI\\-Hybrid


**About Datadog:**



Datadog (NASDAQ: DDOG) is a global SaaS business, delivering a rare combination of growth and profitability. We are on a mission to break down silos and solve complexity in the cloud age by enabling digital transformation, cloud migration, and infrastructure monitoring of our customers' entire technology stacks. Built by engineers, for engineers, Datadog is used by organizations of all sizes across a wide range of industries. Together, we champion professional development, diversity of thought, innovation, and work excellence to empower continuous growth. Join the pack and become part of a collaborative, pragmatic, and thoughtful people\\-first community where we solve tough problems, take smart risks, and celebrate one another. Learn more about \\#DatadogLife on Instagram, LinkedIn, and Datadog Learning Center.


**Equal Opportunity at Datadog:**



Datadog is proud to offer equal employment opportunity to everyone regardless of race, color, ancestry, religion, sex, national origin, sexual orientation, age, citizenship, marital status, disability, gender identity, veteran status, and other characteristics protected by law. We also consider qualified applicants regardless of criminal histories, consistent with legal requirements. Here are our Candidate Legal Notices for your reference.



Datadog endeavors to make our Careers Page accessible to all users. If you would like to contact us regarding the accessibility of our website or need assistance completing the application process, please complete this form. This form is for accommodation requests only and cannot be used to inquire about the status of applications.


**Privacy and AI Guidelines:**



Any information you submit to Datadog as part of your application will be processed in accordance with Datadog's Applicant and Candidate Privacy Notice. For information on our AI policy, please visit Interviewing at Datadog AI Guidelines.","","https://www.indeed.com/cmp/Datadog","https://d2q79iu7y748jz.cloudfront.net/s/_squarelogo/256x256/1ca8fd1f2dca854d1307733128ab33a4","https://careers.datadoghq.com/","","5,001 to 10,000","$1B to $5B (USD)","We help organizations enable digital transformation and drive collaboration across their teams. Datadogs are solving tough problems, taking smart risks, and celebrating each other's wins.","","","","","",""
"in-03f19f01b96d5c0b","indeed","https://www.indeed.com/viewjob?jk=03f19f01b96d5c0b","https://careers.hcahealthcare.com/en/jobs/17350941-hospice-account-executive?tm_job=1-INFOR-3864927&tm_event=view&tm_company=2537","Hospice Account Executive","Medical City Healthcare","Arlington, TX, US","2026-03-03","fulltime","","","","","",False,"","","","","This position is incentive eligible.  

  

  

##### **Introduction**


Do you have the career opportunities as a Hospice Account Executive you want with your current employer? We have an exciting opportunity for you to join Medical City Hospice \\& Family Care which is part of the nation's leading provider of healthcare services, HCA Healthcare.

##### **Benefits**


Medical City Hospice \\& Family Care offers a total rewards package that supports the health, life, career and retirement of our colleagues. The available plans and programs include:

* Comprehensive medical coverage that covers many common services at no cost or for a low copay. Plans include prescription drug and behavioral health coverage as well as free telemedicine services and free AirMed medical transportation.
* Additional options for dental and vision benefits, life and disability coverage, flexible spending accounts, supplemental health protection plans (accident, critical illness, hospital indemnity), auto and home insurance, identity theft protection, legal counseling, long\\-term care coverage, moving assistance, pet insurance and more.
* Free counseling services and resources for emotional, physical and financial wellbeing
* 401(k) Plan with a 100% match on 3% to 9% of pay (based on years of service)
* Employee Stock Purchase Plan with 10% off HCA Healthcare stock
* Family support through fertility and family building benefits with Progyny and adoption assistance.
* Referral services for child, elder and pet care, home and auto repair, event planning and more
* Consumer discounts through Abenity and Consumer Discounts
* Retirement readiness, rollover assistance services and preferred banking partnerships
* Education assistance (tuition, student loan, certification support, dependent scholarships)
* Colleague recognition program
* Time Away From Work Program (paid time off, paid family leave, long\\- and short\\-term disability coverage and leaves of absence)
* Employee Health Assistance Fund that offers free employee\\-only coverage to full\\-time and part\\-time colleagues based on income.


Learn more about Employee Benefits

***Note: Eligibility for benefits may vary by location.***  



Our teams are a committed, caring group of colleagues. Do you want to work as a Hospice Account Executive where your passion for creating positive patient interactions is valued? If you are dedicated to caring for the well\\-being of others, this could be your next opportunity. We want your knowledge and expertise!

##### **Job Summary and Qualifications**

**Account Executive**


Responsible for overall coordination of business development and education of patients, insurance companies, physicians, hospitals, nurses, community resources, other health care specialists and the local community. Ensures continuity of care, smooth interaction and communication between all involved in patient care activities. In conjunction with the Director of Clinical Services, is responsible for development of home health programs in the general community.

**What you will do in this role:**

* Visits and establishes rapport and relationships with referral sources to include educational services and presentation of business plans
* Supports and participates in the marketing functions to ensure engagement in community networking
* Communicates progress of all activities to appropriate leaders
* Responsible for identifying new markets to promote services to

**What qualifications you will need:**

* Bachelor’s Degree with a major in Marketing, and/or Licensed Nurse preferred
* Minimum of two (2\\) years of experience in sales or public relations, preferably in a home health care company
* Reliable transportation and proof of valid automobile liability insurance
* Must have valid driver’s license
* Travel required


Hospice \\& Family Care provides physical, emotional, and spiritual support for patients and families. We help navigate each step of their hospice journey. Our Care teams include physicians, nurses, therapists, hospice aides and social workers. Also, music therapists, spiritual counselors, volunteers and bereavement specialists are part of the care team. Our services include regular scheduled visits and on\\-call support. Patients can receive hospice care at home or a skilled nursing center. Hospice care is also available at an independent or assisted living community or a hospital. We are committed to ensuring our patients have the fullness of life, dignity and the respect they deserve. HCA Healthcare raises the bar on what comprehensive hospice care looks like. Just like family, we pull together to care for and support our patients and each other.


HCA Healthcare has been recognized as one of the World's Most Ethical Companies® by the Ethisphere Institute more than ten times. In recent years, HCA Healthcare spent an estimated $3\\.7 billion in cost for the delivery of charitable care, uninsured discounts, and other uncompensated expenses.

  

""Bricks and mortar do not make a hospital. People do.""\\- Dr. Thomas Frist, Sr.  

HCA Healthcare Co\\-Founder


If you are looking for an opportunity that provides satisfaction and personal growth, we encourage you to apply for our Hospice Account Executive opening. We promptly review all applications. Highly qualified candidates will be contacted for interviews. **Unlock the possibilities and apply today!**

*We are an equal opportunity employer. We do not discriminate on the basis of race, religion, color, national origin, gender, sexual orientation, age, marital status, veteran status, or disability status.*","Health Care","https://www.indeed.com/cmp/Medical-City-Healthcare","https://d2q79iu7y748jz.cloudfront.net/s/_squarelogo/256x256/7e24a41dea53f55a5eb4ee6cf21c6e42","https://careers.hcahealthcare.com/pages/medical-city-healthcare?bid=45","Medical City Healthcare
13155 Noel Rd.
Suite 2000
Dallas, TX 75240","10,000+","more than $10B (USD)","Medical City Healthcare is one of the region's largest, most comprehensive health care providers and includes 21 hospitals, 7 off-campus emergency rooms and 15 ambulatory surgery centers.","","","","","",""
"in-b3b812a5dfcee25e","indeed","https://www.indeed.com/viewjob?jk=b3b812a5dfcee25e","https://careers.firstam.com/job/-/-/39054/92315058384","Realtor Relations Specialist","First American","IL, US","2026-03-02","","","","","","",False,"","","","","**Who We Are**
--------------


Join a team that puts its People First! First American's Direct division provides comprehensive title insurance protection and professional settlement services for real estate purchases, refinances and equity loans. Since 1889, First American (NYSE: FAF) has held an unwavering belief in its people. They are passionate about what they do, and we are equally passionate about fostering an environment where all feel welcome, supported, and empowered to be innovative and reach their full potential. Our inclusive, people\\-first culture has earned our company numerous accolades, including being named to the Fortune 100 Best Companies to Work For® list for ten consecutive years. We have also earned awards as a best place to work for women, diversity and LGBTQ\\+ employees, and have been included on more than 50 regional best places to work lists. First American will always strive to be a great place to work, for all. For more information, please visit www.careers.firstam.com.**What We Do**
--------------


This role will directly support our business development efforts by: • Expanding our pipeline of warm leads through targeted relationship\\-building. • Providing market intelligence on referral trends and competitive positioning. • Helping us proactively connect high\\-performing real estate brokers with our attorney agents, creating a mutual value exchange. • Strengthening our visibility and credibility within the real estate and legal communities.**How You'll Contribute**

* Identify real estate brokers and brokerages who are operating outside of captive title relationships.
* Track referral patterns to determine which title companies these brokers are currently working with.
* Engage and build relationships with agents to facilitate introductions between these brokers and our attorney agents, helping grow both our business and theirs.
* Conduct one\\-to\\-one discovery conversations to understand broker and attorney business needs and opportunities.
* Collaborate with escrow officers through scheduled sessions to support relationship strategy, lead discussion, and targeted follow\\-up.
* Actively attend industry events, community functions, and networking opportunities to build brand presence and uncover new relationship opportunities.
* Deliver group presentations to brokers and attorneys to build credibility and expand reach.

**What You'll Bring**


Required Education, Experience, Certification/Licensure

* High School Diploma or equivalent
* 2\\- 5 years of successful residential Title/Real estate industry experience
* Proven track record of meeting and exceeding sales goals
* Requires a valid driver’s license.

**What We Offer**
-----------------


By choice, we don’t simply accept individuality – we embrace it, we support it, and we thrive on it! Our People First Culture celebrates diversity, equity and inclusion not simply because it’s the right thing to do, but also because it’s the key to our success. We are proud to foster an authentic and inclusive workplace For All. You are free and encouraged to bring your entire, unique self to work. First American is an equal opportunity employer in every sense of the term.
Based on eligibility, First American offers a comprehensive benefits package including medical, dental, vision, 401k, PTO/paid sick leave and other great benefits like an employee stock purchase plan.","Insurance","https://www.indeed.com/cmp/First-American-4","https://d2q79iu7y748jz.cloudfront.net/s/_squarelogo/256x256/12aa61d9ec100efdd1d71d4954210926","http://www.firstam.com","1 First American Way Santa Ana, California 92707","10,000+","$5M to $25M (USD)","At First American, we put People First. Find your next career at firstam.com/careers","","","","","",""
"in-dd4901b8354786f2","indeed","https://www.indeed.com/viewjob?jk=dd4901b8354786f2","https://marmon.wd501.myworkdayjobs.com/Marmon_Careers/job/United-States-of-America---Utah/Outside-Sales---Utah_JR0000041465","Outside Sales Representative - Utah","Marmon Keystone","Altamont, UT, US","2026-03-02","fulltime","","","","","",False,"","","","careers@marmon.com","Marmon/Keystone LLC
As a part of the global industrial organization Marmon Holdings—which is backed by Berkshire Hathaway—you’ll be doing things that matter, leading at every level, and winning a better way. We’re committed to making a positive impact on the world, providing you with diverse learning and working opportunities, and fostering a culture where everyone’s empowered to be their best.

**About Us**


At Marmon/Keystone, a Berkshire Hathaway company, we’ve been a force in the metals distribution industry for over a century — and we’re just getting started. With over 20 locations across North America and an unwavering commitment to innovation, we’re modernizing what it means to deliver precision metals, engineered services, and next\\-level customer partnerships.


Our business thrives on grit, speed, and strategic thinking — and we’re looking for a growth\\-minded sales professional who embodies those qualities.

**The Opportunity**


This role isn’t about maintaining accounts — it’s about expanding market share and driving new business.

  

In this Outside Sales role, you'll ideally live in the Salt Lake City area and you’ll own a multi\\-state region that includes:

* Northern Utah from north of SLC through Logan
* Eastern Idaho includes Idaho Falls and Pocatello
* Portions of Montana including Bozeman and Missoula areas
* Portions of Nevada including Las Vegas and Reno.


We’re seeking a strategic business developer — someone who can open doors, build trust, and close deals that strengthen both our market presence and our customer partnerships.

**What You’ll Do**

* Develop and execute a territory growth strategy that targets high\\-potential accounts across metals manufacturing, fabrication, and distribution.
* Prospect, qualify, and close new customers, expanding our presence in key market segments.
* Grow existing relationships by uncovering new needs, cross\\-selling value\\-added services, and deepening engagement.
* Analyze market trends and competitive activity to inform pricing, product positioning, and account strategy.
* Collaborate cross\\-functionally with operations, supply chain, and quality to ensure flawless execution and customer satisfaction.
* Report performance metrics and strategic insights to leadership, highlighting progress, wins, and pipeline momentum.

**Who You Are**

* A results\\-oriented sales professional with a record of developing new business in industrial, metals, or manufacturing sectors.
* Confident in building and maintaining long\\-term partnerships while consistently achieving growth goals.
* Analytical, strategic, and entrepreneurial — you treat your territory like your own business.
* Skilled in communicating with both technical and executive audiences.
* Energized by competition, learning, and continuous improvement.

**Core Competencies**

* Business Development Strategy: Identifying, targeting, and capturing high\\-value new accounts through a structured, insight\\-driven approach.
* Negotiation \\& Closing: Consultative selling and value\\-based negotiation that builds profitability and loyalty.
* Territory Management: Strategic planning to optimize territory coverage and drive pipeline velocity.
* Customer Acquisition \\& Retention: Building relationships that translate into measurable growth and recurring business.
* Market Intelligence: Understanding metals pricing, trends, and competitor positioning.
* Analytical Selling: Translating technical specifications into tangible ROI for customers.
* Cross\\-Functional Collaboration: Partnering with Operations, Supply Chain, and Quality to deliver customized solutions.
* Resilience \\& Drive: Demonstrating persistence, adaptability, and ownership in achieving sales targets.

**What You Bring**

* 3\\+ years of outside sales experience with measurable success in business growth.
* Experience with tubing, pipe, bar, or value\\-added metal services strongly preferred.
* Bachelor’s degree in Business, Marketing, Engineering, or related field.
* Strong business and financial acumen with margin\\-management experience.
* CRM proficiency (Salesforce, HubSpot, or similar) and advanced MS Office skills.
* Willingness to travel 70\\+% across the assigned region.

**Why Join Marmon/Keystone**

* Uncapped earning potential — base \\+ commission tied to growth performance.
* Immediate Day\\-One Benefits — medical, dental, vision, 401(k) with Roth option, and company\\-paid life/STD/LTD.
* Paid Parental Leave (4 weeks) and Tuition Reimbursement after one year.
* A legacy brand backed by Berkshire Hathaway with the resources of a global leader and the entrepreneurial spirit of a modern competitor.
* A performance\\-driven culture that rewards initiative, innovation, and results.

**Equal Opportunity Statement**


Marmon/Keystone LLC is an Equal Opportunity/Affirmative Action employer. All qualified applicants will receive consideration for employment without regard to race, color, religion, sex (including sexual orientation and gender identity), national origin, disability, protected Veteran Status, or any other characteristic protected by law.

*\\*\\*\\*Candidates must be authorized to work in the United States for any employer. Sponsorship for work authorization (e.g., H\\-1B, green card, etc.) is not available.\\*\\*\\**


Following receipt of a conditional offer of employment, candidates will be required to complete additional job\\-related screening processes as permitted or required by applicable law.


We are an equal opportunity employer, and all applicants will be considered for employment without attention to their membership in any protected class. If you require any reasonable accommodation to complete your application or any part of the recruiting process, please email your request to careers@marmon.com, and please be sure to include the title and the location of the position for which you are applying.","","https://www.indeed.com/cmp/Marmon-Keystone","https://d2q79iu7y748jz.cloudfront.net/s/_squarelogo/256x256/e4f06c188764ee5086886c9d9775a4a7","https://www.marmonkeystone.com","Butler, PA","501 to 1,000","$100M to $500M (USD)","","","","","","",""
"in-5be15ef61cae68ee","indeed","https://www.indeed.com/viewjob?jk=5be15ef61cae68ee","https://marmon.wd501.myworkdayjobs.com/Marmon_Careers/job/USA_IN_Remote/National-Account-Manager_JR0000041409","National Account Manager","Marmon Foodservice Technologies","Indianapolis, IN, US","2026-03-02","fulltime","","","","","",False,"","","","careers@marmon.com","Marmon Foodservice Technologies, Inc.
As a part of the global industrial organization Marmon Holdings—which is backed by Berkshire Hathaway—you’ll be doing things that matter, leading at every level, and winning a better way. We’re committed to making a positive impact on the world, providing you with diverse learning and working opportunities, and fostering a culture where everyone’s empowered to be their best.

**About The Job**


Though you may not know us by name, you’ve most likely enjoyed meals and refreshments supported by our industry\\-leading brand portfolio. For decades, we’ve designed and manufactured foodservice equipment for some of the world’s biggest, most recognized consumer brands. We are driven to innovate with a clear purpose in mind: revolutionize the future of foodservice.


For this role, we are seeking a strategic, results\\-driven professional with proven experience managing large, complex accounts in the commercial foodservice or equipment industry. You excel at identifying growth opportunities, developing client\\-focused solutions, and negotiating win\\-win outcomes. Adept at building trusted relationships with key decision\\-makers, you serve as a knowledgeable advisor and advocate for your clients. Highly organized and proactive, you thrive in fast\\-paced, deadline\\-driven environments and excel at collaborating with internal teams to align company capabilities with client needs. Skilled in sales strategy, opportunity analysis, and technical product expertise, you are comfortable leading business reviews, executing go\\-to\\-market initiatives, and representing MFT with professionalism and confidence at industry events. Above all, you are motivated by client success and are committed to driving sustainable growth for both MFT and its customers.  

  

**What You’ll Do**

**Customer Relationship Management**

* Represent Marmon Foodservice Technologies (MFT) brands, equipment, parts, and services across the food and beverage portfolio.
* Develop and grow strong customer relationships with franchisees and kitchen equipment suppliers, ensuring satisfaction, loyalty, and business retention.
* Develop specific strategies to grow account value over time, identifying opportunities for expanding service offerings, forecasting sales activity and identifying potential risks and opportunities.
* Analyze account performance, including revenue, profitability, and customer satisfaction. Use data and insights to make informed decisions, adjustments to account strategies and to deliver regular business performance updates with customers.
* Drive account growth by utilizing value\\-added selling and effective negotiation to close business and increase market share.

**Product Knowledge \\& Expertise**

* Develop and maintain in\\-depth knowledge of products, services, brand standards, competitors, marketing plans, strategies, programs, and promotions to provide high\\-level technical guidance and product expertise during customer interactions.
* Represent the company at trade shows, industry events, customer meetings and similar events; delivering product presentations and maintaining a strong company presence.
* Develop a deep understanding of client business models, operational challenges, and future needs to position our products and services as solutions.

**Communication \\& Collaboration**

* Collaborate with internal teams (product management, marketing, support, etc.) to execute strategic initiatives, resolve client issues, and fulfill annual goals.
* Investigate and manage resolution of conflicts and handle client complaints in a professional manner.

**Process Management**

* Ensure compliance with contractual agreements.
* Ensure alignment with customer\\-specific processes, protocols and expectations to maintain trust and operational consistency.

**Who You Are**

* Independent Self\\-Starter: Takes prompt, proactive action to accomplish work goals with limited oversight and manage competing priorities in a fast\\-paced environment.
* “Direct\\-Selling” skillset with the ability to grow revenue in the field, find new business, and meet financial targets.
* Creative Problem\\-Solver: Demonstrates strong leadership, interpersonal and relationship skills, and a “get\\-it\\-done” attitude.
* Collaborative Partner: Uses interpersonal skills to communicate effectively with cross\\-functional teams.
* Strategic Thinker: Relies on analytical and problem\\-solving skills to think strategically and execute tactically.
* Clear and Persuasive Communicator: Speaks and writes effectively to build rapport, convey technical information, project requirements, and progress updates to team members and stakeholders in a timely manner.
* Highly Organized: Brings a strong focus on proactive account management and strategic planning.

**Skills/Experience We’re Looking For**

* Proven success managing large, complex key accounts in a technical, industrial, equipment\\-driven or foodservice industry.
* Knowledge of the commercial foodservice market, including key trends, customer demands, and industry dynamics, is strongly preferred. QSR channel and/or direct McDonald’s experience preferred.
* Demonstrated success in utilizing data driven, analytical approach to develop and execute sales strategies that drive revenue growth and improve market share.
* Excellent communication, negotiation, and relationship\\-building skills at all levels—internal and external, from owner/operator to C\\-Suite executives.
* High degree of self\\-motivation, accountability, and adaptability, especially in a fast\\-paced, deadline driven environment. Exceptional organizational and time management skills
* Mindset for growth, resilience, adaptability and ability to work independently and as part of a team.

**Required Qualifications**

* Bachelor’s degree.
* 7–10\\+ years of progressive sales experience, including national or multi\\-regional leadership, with a strong preference for candidates who have successfully driven growth
* Prior experience in foodservice equipment sales a plus.
* Ability to travel up to 50% of the time.

  

**Benefits**


We support your well\\-being with comprehensive and easy\\-to\\-use benefits that you’ll be eligible to enroll in on your first day of employment. Here are some of the highlights:

* Medical, Dental, Vision, and Prescription Drug insurance plans
* Access to a Health Advocate who is an expert in Marmon’s health plan and can help you select the best health benefits for you and your family
* Tax advantaged spending accounts for health and dependent care expenses
* Wellness programs and resources including Telehealth, Mental Health, Fitness, and Family Planning
* Generous paid time off for personal use, holidays, and parental leave
* Company\\-sponsored life insurance
* 401(k) with fully vested company match; Marmon may also make an additional annual discretionary contribution to your account, whether or not you contribute on your own
* Financial and retirement advising

**About Marmon Holdings**


Marmon Holdings, Inc., a Berkshire Hathaway company, comprises 11 groups and more than 100 autonomous businesses with total annual revenue of $10 billion. Marmon’s 28,000\\-plus team members are celebrating the company's 70th anniversary in 2023 and helping write the next chapter of Marmon's story.

  

Following receipt of a conditional offer of employment, candidates will be required to complete additional job\\-related screening processes as permitted or required by applicable law.


We are an equal opportunity employer, and all applicants will be considered for employment without attention to their membership in any protected class. If you require any reasonable accommodation to complete your application or any part of the recruiting process, please email your request to careers@marmon.com, and please be sure to include the title and the location of the position for which you are applying.","","https://www.indeed.com/cmp/Marmon-Foodservice-Technologies","","","","","","","","","","","",""
"in-56d389cc11e642f4","indeed","https://www.indeed.com/viewjob?jk=56d389cc11e642f4","https://marmon.wd501.myworkdayjobs.com/Marmon_Careers/job/USA_MN_Remote/Outside-Sales-Representative---Minnesota_JR0000041461","Outside Sales Representative - Minnesota","Marmon Keystone","Saint Paul, MN, US","2026-03-02","fulltime","","","","","",False,"","","","careers@marmon.com","Marmon/Keystone LLC
As a part of the global industrial organization Marmon Holdings—which is backed by Berkshire Hathaway—you’ll be doing things that matter, leading at every level, and winning a better way. We’re committed to making a positive impact on the world, providing you with diverse learning and working opportunities, and fostering a culture where everyone’s empowered to be their best.

**About Us:**


Marmon/Keystone is part of Marmon Holdings, a Berkshire Hathaway company that Warren Buffett has described as “our kind of company.” We’ve been a force in the metals distribution industry since 1907, and we’re just getting started. With over 20 locations across North America and an unwavering commitment to innovation, we are modernizing what it means to deliver precision metals, engineered services, and next\\-level customer partnerships.

**About the Role:**


Are you a growth minded sales professional who thrives on driving new business, owning your territory, and winning in competitive markets? If so, this is your opportunity to join Marmon/Keystone as an Outside Sales Representative responsible for expanding our presence across Minnesota and a southeastern portion of North Dakota.


In this role, you will take full ownership of the territory, building on an established customer base while capturing significant untapped potential. We are seeking a strategic business developer who can open doors, build lasting relationships, and close deals that strengthen both our market presence and our customer partnerships. Success in this role is defined by expanding market share, securing new accounts, and consistently exceeding revenue and margin targets.

**What You’ll Be Doing:**

* Develop and execute a territory strategy targeting high potential accounts across metals manufacturing, fabrication, and distribution.
* Prospect, qualify, and close new customers, expanding our presence in key market segments.
* Grow existing relationships by uncovering new needs, cross selling value added services, and deepening engagement.
* Analyze market trends and competitive activity to inform pricing, product positioning, and account strategy.
* Keep customers informed about industry and economic trends and Marmon/Keystone’s ability to help them adapt and stay competitive.
* Collaborate cross functionally with operations, supply chain, and quality to ensure seamless execution and customer satisfaction.
* Provide regular territory performance updates, including pipeline health, revenue forecasts, and strategic insights.

**What Makes You a Great Fit:**

* High School diploma required; Bachelor’s degree preferred.
* 3\\+ years of sales experience with measurable success in expanding business and increasing revenue.
* Experience with tubing, pipe, bar, or value added metal services strongly preferred.
* Strong business and financial acumen with margin management experience.
* CRM proficiency (Salesforce, HubSpot, or similar) and advanced Microsoft Office skills.
* Willingness to travel 70\\+ percent across the assigned region.
* A results oriented sales professional with a record of developing new business in industrial, metals, or manufacturing sectors.
* Confident in building and maintaining long term partnerships while consistently achieving performance goals.
* Analytical, strategic, and entrepreneurial, treating your territory like your own business.
* Skilled in communicating effectively with both technical and executive audiences.
* Energized by competition, learning, and continuous improvement.

**Why Join Marmon/Keystone:**

* Uncapped earning potential with base salary plus commission tied to performance.
* Immediate day one benefits including medical, dental, vision, 401(k) with Roth option, and company paid life insurance.
* Tuition reimbursement after 3 months.
* A legacy brand backed by Berkshire Hathaway, offering the resources of a global leader with the agility and entrepreneurial spirit of a growth focused organization.
* A performance driven culture that rewards initiative, innovation, and results.

**Equal Opportunity Statement**


Marmon/Keystone LLC is an Equal Opportunity/Affirmative Action employer. All qualified applicants will receive consideration for employment without regard to race, color, religion, sex (including sexual orientation and gender identity), national origin, disability, protected Veteran Status, or any other characteristic protected by law.

*\\*\\*\\*Candidates must be authorized to work in the United States for any employer. Sponsorship for work authorization (e.g., H\\-1B, green card, etc.) is not available.\\*\\*\\**


Following receipt of a conditional offer of employment, candidates will be required to complete additional job\\-related screening processes as permitted or required by applicable law.


We are an equal opportunity employer, and all applicants will be considered for employment without attention to their membership in any protected class. If you require any reasonable accommodation to complete your application or any part of the recruiting process, please email your request to careers@marmon.com, and please be sure to include the title and the location of the position for which you are applying.","","https://www.indeed.com/cmp/Marmon-Keystone","https://d2q79iu7y748jz.cloudfront.net/s/_squarelogo/256x256/e4f06c188764ee5086886c9d9775a4a7","https://www.marmonkeystone.com","Butler, PA","501 to 1,000","$100M to $500M (USD)","","","","","","",""
"in-193fd961ce5b18a7","indeed","https://www.indeed.com/viewjob?jk=193fd961ce5b18a7","https://marmon.wd501.myworkdayjobs.com/Marmon_Careers/job/Milwaukee-WI/Inside-Sales-Manager--Grocery-_JR0000041412","Inside Sales Manager (Grocery)","Retail Space Solutions","Milwaukee, WI, US","2026-03-02","fulltime","","","","","",False,"","","","careers@marmon.com","Retail Space Solutions LLC
As a part of the global industrial organization Marmon Holdings—which is backed by Berkshire Hathaway—you’ll be doing things that matter, leading at every level, and winning a better way. We’re committed to making a positive impact on the world, providing you with diverse learning and working opportunities, and fostering a culture where everyone’s empowered to be their best.

**Position Summary:**


The Inside Sales Manager – Grocery serves as the strategic owner of key customer relationships within a defined market segment, responsible for driving sustained revenue growth and long\\-term account value for Retail Space Solutions and Trade Fixtures. This role partners closely with Outside Sales and cross\\-functional teams to identify and develop new business opportunities, guide complex retail and custom fixture projects from concept through execution, and ensure alignment between customer needs and internal capabilities. The Inside Sales Manager acts as a central point of coordination and communication, maintaining strong visibility into account performance, project health, and forecasting, while promoting operational excellence and continuous improvement. Success in this role is measured by the ability to build trusted customer partnerships, deliver consistent results against financial targets, and elevate the overall customer experience through proactive engagement and disciplined execution.

 **Essential Functions:**

* Maintain and generate residual sales for specific existing Retail Space Solutions and/or Trade Fixtures customers within a defined market segment with accountability to achieve/exceed the segment’s annual sales budget (quota)
* Identify new sales opportunities within existing accounts to retain a client\\-inside sales manager relationship by up\\-selling and cross\\-selling including outbound prospect qualification and account research and inbound prospect qualification and follow\\-up
* Meet customers face to face occasionally in\\-person with Outside Sales for key projects 1x/year with “80” customers
* Work closely with sales team to qualify new leads and close sales
* Maintain use of customer CRM database ensuring accuracy and integrity
* Attain customer satisfaction and maintain positive customer relations
* Manage and solve conflicts with clients. The Inside Sales Manager is expected to have specific information regarding daily operations of Retail Space Solutions/Trade Fixtures and to keep the customer key contacts updated
* Interact and coordinate with their respective Outside Sales overlap and other cross\\-functional staff members regarding the needs of the customer to handle multiple complex retail product and custom projects as the interface between Retail Space Solutions/Trade Fixtures and our retailer customers, distributors, (e\\-) retailers and brand clients
* Collaborate with outside sales to develop annual customer budgets, and monthly forecasts
* Manage internal and external communications to satisfy the requirements of and resolve issues with project stakeholders
* Report on project risk, status, and other project\\-specific metrics
* Facilitate meetings, influences others, and ensure consensus and detailed communication on results
* Practice and apply Continuous Improvement principles in all projects and solutions

**Position Qualifications:**

* Competencies


	+ Customer Focus, Managing Work, Integrity, Work Ethic, Delivering Results, Building Customer Relationships, Self\\-Management

**Skills and Abilities:**

* **Education** – BS/BA Undergraduate degree from an accredited university
* **Experience** –


	+ 5\\+ years of related business experience in outside sales, inside sales, project management, retail, marketing, agency, or operations
	+ B2B sales experience
	+ Familiarity with sales and purchasing cycles as they relate to grocery, mass and/or c\\-store retail environments.
	+ Prior success in managing multiple complex projects
	+ Strong interpersonal skills
	+ Excellent communicator via e\\-mail, phone
	+ Demonstrated success in leading and influencing others without direct authority at all levels with internal staff and external clients
	+ Ability to think quickly and make courageous decisions based on facts and prior experiences.
	+ Strong understanding of retail environments, consumers, and customer service.
* **Computer Skills** – Proficient in Microsoft Word, Excel, and PowerPoint.
* **Other Requirements –** Up to 10% travel may be needed.

**Work Environment:**


Work is performed largely in office and manufacturing environments. Hours of work will generally be during regular business hours (8AM\\-5PM) with at least 40 hours a week. At times there will be some variation in work hours due to special projects, deadlines, and other concerns. Occasional travel may be required.

**Physical Demands:**


The physical demands described here are representative of those that must be met by an employee to successfully perform the essential functions of this job. Reasonable accommodations may be made to enable individuals with disabilities to perform the essential functions.

**All Employees:**

* Follow established policies and procedures and associated documents.
* Participate in quality assurance and business improvement activities, including training and improvement projects as defined by the organization


Following receipt of a conditional offer of employment, candidates will be required to complete additional job\\-related screening processes as permitted or required by applicable law.


We are an equal opportunity employer, and all applicants will be considered for employment without attention to their membership in any protected class. If you require any reasonable accommodation to complete your application or any part of the recruiting process, please email your request to careers@marmon.com, and please be sure to include the title and the location of the position for which you are applying.","","https://www.indeed.com/cmp/Retail-Space-Solutions","","","","","","","","","","","",""
"in-abf77181bfeb76ec","indeed","https://www.indeed.com/viewjob?jk=abf77181bfeb76ec","https://app.trinethire.com/companies/831281-batchdata/jobs/117683-account-executive?source=indeed","Account Executive","BatchData","Tempe, AZ, US","2026-03-02","fulltime","","","","","",True,"","","","","**Position Overview*** Job Title: Account Executive
* Work Hours: Full\\-time (8 hours/day, Monday\\-Friday)
* Location: Remote \\- United States

 **Job Summary**
Account Executives engage with C\\-suite and VP\\-level executives at the enterprise\\-sized companies to generate new business revenue. AEs are quota\\-carrying reps responsible for the full sales cycle. They are expected to build rapport with senior level executives, advising them on best practice business solutions, and strategically manage the sales opportunity using a consultative sales approach to present solutions mapped to BatchData offerings. Reporting directly to the Chief Revenue Officer, this role will be a catalyst to BatchData’s continued growth. **Duties and Responsibilities*** Meet or exceed sales goals and expectations for quotas
* Maintain good customer relationships while building new customer relationships
* Manage daily, weekly, and monthly sales funnels and pipelines to track accounts from initial call to close
* Identify new opportunities and generate new sales revenue with B2B accounts
* Leverage your extensive SaaS sales industry experience to drive new business opportunities with enterprise organizations and Fortune 500 companies
* Manage the full sales cycle with enterprise clients using a consultative, relationship\\-driven approach
* Navigate complex org structures and tech stacks across the business as you lead discovery conversations, product demos and solution discussions
* Listen and ask questions to gain deep understanding of client needs
* Present creative solutions through storytelling and consultative conversations
* Educate potential clients and their teams on the transformative power of our products, building a coalition of BatchData enthusiasts throughout the organization

 **Skills and Qualifications*** 5\\+ years in full cycle SaaS/B2B sales roles, with experience selling software solutions to large enterprise and Fortune 500 companies
* 5\\+ years of experience selling disruptive SaaS software and a deep knowledge of the enterprise tech landscape
* A consultative, relationship\\-driven sales philosophy and an innate desire to help clients
* Ability to navigate complex organizational structures, long sales cycles, and multiple decision\\-makers
* Track record of long\\-term success and upward mobility in previous roles
* Superior computer skills; proficient in Microsoft Office Suite; knowledge of CRMs
* Pays strict attention to detail
* Able to work in a fast\\-paced environment with excellent time management and organizational skills
* Persuasive and unafraid to negotiate; has good business sense
* Up\\-to\\-date on the latest industry trends; able to articulate trends and potential clearly and confidently
* Possesses excellent interpersonal and customer service skills
* Able to multitask while efficiently managing priorities","","https://www.indeed.com/cmp/Batchdata","","","","","","","","","","","",""
"in-58ba05007fce2bda","indeed","https://www.indeed.com/viewjob?jk=58ba05007fce2bda","https://app.trinethire.com/companies/284044-green-water-power-llc/jobs/117705-business-development-associate-client-account-manager-solar?source=indeed","Business Development Associate/Client Account Manager - Solar","","Van Nuys, CA, US","2026-03-02","fulltime","direct_data","yearly",75000.0,100000.0,"USD",True,"","","","","**Company Overview:** Established in California in 2013, Green Water and Power has rapidly grown to operate in over 25 states, positioning itself as a leader in the sustainable energy sector. Named the \\#1 electric vehicle (EV) installer in America, we take pride in having deployed more than 10,000 EV chargers and completed approximately 5 megawatts (MW) of solar energy projects.


 As an EVITP (Electric Vehicle Infrastructure Training Program) certified turnkey engineering, procurement, and construction (EPC) firm, we leverage our in\\-house expertise to efficiently manage and execute large\\-scale projects. Our dedication to sustainability and quality extends beyond project completion; we also provide comprehensive operation and maintenance services to ensure optimal performance for the projects we develop, as well as for third\\-party installations.

**Position Overview:** As a Business Development Associate/Client Account Manager at Green Water and Power, you will be instrumental in expanding our solar energy portfolio, focusing on commercial and industrial (C\\&I) greenfield projects, third\\-party operations and maintenance (O\\&M) service contracts, and solar land leasing. Your role will involve identifying strategic opportunities, building relationships with landowners and commercial clients, and closing complex solar transactions. This is a salary plus commission position. High performers have the potential to earn up to $250,000 annually based on sales and revenue performance.

**Note:** This position requires daily in\\-person attendance at our LA Valley office. No hybrid/remote option is offered.

**Responsibilities and Duties:**

* Conduct thorough site assessments and evaluate the feasibility of solar project development.
* Collaborate with engineering and project teams to develop and present customized solar proposals.
* Originate and close C\\&I solar projects by identifying and engaging potential customers, including commercial property owners, developers, and businesses.
* Secure land for solar projects by identifying viable sites and negotiating lease agreements with landowners.
* Generate leads and convert prospects into clients for O\\&M contracts for operating solar systems not built initially by Green Water and Power.
* Maintain a strong understanding of solar incentives, financing structures, permitting processes, and applicable regulatory requirements.
* Represent Green Water and Power at client meetings, conferences, and industry events to promote services and identify new opportunities.
* Track and manage opportunities using Salesforce, ensuring accurate records and timely follow\\-ups throughout the sales cycle.
* Stay informed on market trends and competitor offerings to maintain a competitive edge.

**Minimum Requirements and Qualifications:**

* 5 years of business development and client account management experience in the renewable energy sector or related industries (solar, energy, real estate, utilities).
* Excellent client\\-facing communication, negotiation, and presentation skills.
* Comfortable with contacting new clients and developing new target markets.
* Highly self\\-motivated and results driven.
* Strong organizational skills and attention to detail.
* Willingness to travel, approximately 30% to 50% as needed.
* Bachelor’s degree or equivalent work experience.
* Proficiency in Microsoft Office, developing spreadsheets, proposals, presentations, and other documents.
* Experience using Salesforce or other CRM platforms.
* Current driver’s license and successful pass of a background check and drug screening.

**Preferred** **Requirements and Qualifications:**

* Proven experience with land acquisition, solar development, or selling O\\&M contracts.
* Master’s degree in business administration or equivalent education and experience.
* Project management certification.

**Benefits:**

* Opportunities for professional growth and advancement within a rapidly expanding industry.
* Collaborative and inclusive work environment that values diversity.
* Opportunity to make a significant impact on the transition to sustainable energy solutions.
* Paid training.

**Compensation:**  

This is a salary plus commission position. Base salary up to $100,000\\. High performers have the potential to earn up to $250,000 annually based on sales and revenue performance.","","","","","","","","","","","","","",""
"in-d257693ac446028e","indeed","https://www.indeed.com/viewjob?jk=d257693ac446028e","https://jobs.localjobnetwork.com/j/t-area-manager-e-geostructures-incasap-installations-l-fort-lauderdale,-fl;-west-palm-beach,-fl;-miami,-fl-jobs-j86426359.html","Area Manager","","Miami, FL, US","2026-03-02","fulltime","direct_data","yearly",105000.0,130000.0,"USD",True,"","","","","**This is an exceptional opportunity to leverage your current engineering consulting experience and tap into this ever\\-expanding Florida market.**  

**ICOP Inc****., is searching for an Area Manager****to develop relationships with our clients and assist them in identifying the optimal solutions for their geotechnical challenges.** **The successful candidate works from their home office in the southern Florida area.**
================================================================================================================================================================================================================================================================================


**The right candidate will have the following experience:**
* Civil Engineer degree required; MS degree in Civil Engineering or Geotechnical Engineering a plus
* 5\\-15 years of experience (combination of geotechnical engineering, proposal/bid/business development responsibilities, or consulting)

**Essential Job Duties:**
* Regularly meet with customers in the southern Florida area to maintain and establish client relationships and new work.
* Provide value to client through presentation of cost\\-effective geotechnical solutions.
* Provide pre\\-construction technical assistance and education to clients as required.
* Prepare proposals and work with estimators and preliminary engineering to provide project bids for opportunities in an efficient and timely manner.
* Understand customer goals and technical challenges
* Search for new clients who might benefit from our services and maximize client potential in designated regions.
* Negotiate contract terms and conditions to meet both client and company needs.
* Prepare pre\\-bid forecast and other reports to monitor work in progress.


  

**This will be an excellent position for someone who:**
* Is a motivated self\\-starter, presents comfortably with engineers, senior level executives or project superintendents in the field
* Listens to customer needs and translates into solutions in a thoughtful and compelling fashion
* Creates and fosters win\\-win customer relationships
* Is a proactive team player who craves winning in pursuit of financial rewards
* Has demonstrated success in consultative selling and providing innovative solutions
* Enjoys prospecting and opening new doors

  

If you are an individual with disabilities and need assistance with this site, please contact Human Resources at (540\\)751\\-5034\\.  

  

We comply with the ADA and consider reasonable accommodation measures that may be necessary for eligible applicants/employees to perform essential functions.  

  

GeoStructures, Inc./ASAP is an equal opportunity employer. All qualified applicants will receive consideration for employment without regard to race, religion, color, national origin, sex, sexual orientation, gender identity, age, status of protected veteran, among other things or status as a qualified individual with a disability.  

  

EEO/AA/M/F/Veteran/Disabled  

  

XJ6","","","","","","","","","","","","","",""
"in-9192b08b3276d772","indeed","https://www.indeed.com/viewjob?jk=9192b08b3276d772","https://www.appone.com/applinkportal.asp?r_id=7076086&AdCode=Indeed14936","Account Manager","Wallace Management Co.","Pryor, OK, US","2026-03-02","fulltime","","","","","",False,"","","","","Do you want to start a career with opportunities for growth and advancement, not just a sales or retail job? Do you love working with people and providing positive customer service and sales experiences? If so, we?re looking for you!


Wallace Finance is looking for a friendly and outgoing **Account Manager** who can provide outstanding customer service!


Wallace Management Company manages small loan companies with over 125 branches in 7 states\\- and growing!. We have been in the small consumer loan business since 1980\\.


**Why Wallace Finance?**


* Competitive, Low\\-cost employee health, dental, vision, and life insurance for full time Team Members
* 401(k) plan including company match
* Paid holidays and vacation time
* Monthly bonus opportunities

  




**Account Manager Role Responsibilities include:**


* Providing quick and friendly customer service either in person or over the phone to assist with questions, or taking and posting loan payments
* Preparing loan documents and managing the application process
* Creating and maintaining positive customer relationships and keeping in contact with our customers regarding their loan status
* Contacting customers to help them get back on track if they have overdue payments
* Partnering with Management to maintain branch operating standards and grow the business


This position may require occasional travel.","","https://www.indeed.com/cmp/Wallace-Management-Co.","https://d2q79iu7y748jz.cloudfront.net/s/_squarelogo/256x256/52e18e04010d6e2040aa7067efb6ad1d","http://www.wallacefinance.com","328 E Carl Albert Pkwy, McAlester Ok 74501","201 to 500","","","","","","","",""
"in-f4aafade2ceb906f","indeed","https://www.indeed.com/viewjob?jk=f4aafade2ceb906f","https://www.appone.com/applinkportal.asp?r_id=7077571&AdCode=Indeed20612","Territory Sales Manager","Virginia Tile Company, LLC","Charlotte, NC, US","2026-03-02","fulltime","","","","","",False,"","","","","**Come Join Us** \\- A company that is well established, helps promote creativity and growth.


**Who we are** ? We are growing! **Virginia Tile Co**. is an industry\\-leading wholesale distributor of full spectrum residential and commercial tile products. Also providing in selected regions resilient flooring and woodworking products. Founded in 1928 and serving 14 states.


**We celebrate a culture of collaboration, innovation, inspiration, and service.**


Bringing design to the surface. Check us out: https://virginiatile.com/


**Position Description:**


* Develop and foster business in assigned territory or with a designated Customer Base, collaborate with regional and corporate sales team members to maximize and grow revenue and profits.
* Maintain client and prospective client relationships to ensure market growth and promotion of all products.
* Implement appropriate sales strategies and techniques to target appropriate customers.
* Conduct effective sales and product presentations to customers. Educate customers to ensure products are understood and used effectively.
* Proactively seeks to improve product knowledge by interacting with internal and external subject matter experts
* Attends sales/training meetings.
* Identify and quickly respond to competitive threats within the territory. Communicate market intelligence/competitor activity promptly to Regional Manager.
* Resolve customer complaints in a professional and timely manner in accordance with Company Policy.
* File all required reports in a timely manner.
* Perform other job\\-related duties as assigned
* Participate in trade associations, such as HBA, NKBA, IIDA, ASID, and others, which could include some commitments outside of normal business hours.
* Be current and active in job tracking and call notes through VTC customer management programs.
* Perform other related duties as assigned


**Qualifications:**


* Minimum 2 years outside business\\-to\\-business sales with a proven track record of success
* One year of experience in a customer\\-facing sales role (business to business)
* Valid Driver?s License and automobile insurance
* Good Driving record, able to meet Virginia Tile driving qualifications
* Well\\-groomed with professional business attire and appearance
* Must be able to transport company product in personal vehicle
* Adequate and dependable transportation for daily travel to and from customer site
* Must be able to drive throughout the workday


**What?s in It for You:**


* Affordable Medical Insurance Plans
* Dental
* Vision
* Optional Life Insurance, Short Term, and Long\\-Term Disability Insurance
* Optional Pet Insurance
* Discount on Tile
* 401(k) Plan with company match
* Generous PTO, Sick and Paid Holidays policies
* Flexible, positive \\& friendly work environment, where employees are acknowledged for their great work","","https://www.indeed.com/cmp/Virginia-Tile-Company,-LLC","https://d2q79iu7y748jz.cloudfront.net/s/_squarelogo/256x256/bd78cc34bb708e60bd1f84c9f27be7cc","http://www.virginiatile.com","Corporate Office Located in: Plymouth Road Technical Center
Address: 28320 Plymouth Rd, Livonia, MI 48150
Hours:  M-F 7:30 am - 4 pm 

","201 to 500","$100M to $500M (USD)","We offer a collaborative environment where creative thinkers can continually grow their passions, expand their expertise, and benefit from new opportunities.","","","","","",""
"in-7a24e291a71f437b","indeed","https://www.indeed.com/viewjob?jk=7a24e291a71f437b","https://www.appone.com/applinkportal.asp?r_id=7077201&AdCode=Indeed20612","Architectural and Design Sales Rep - Commercial Sales","Virginia Tile Company, LLC","Omaha, NE, US","2026-03-02","fulltime","","","","","",False,"","","","","**Come Join Us** \\- A company that is well established, helps promote creativity and growth.


**Who we are** ? **Virginia Tile Co**. is an industry\\-leading wholesale distributor of full spectrum residential and commercial tile products. Founded in 1928 and serving 16 states and growing!


**We celebrate a culture of collaboration, innovation, inspiration, and service.**


Design That Shapes Living! Check us out: https://virginiatile.com


**Position Summary:**


Responsible for all architecture and design sales activities for residential and/or commercial projects in assigned accounts or regions.

  


**Essential Functions:**


* Develop and maintain client and prospective client relationships to ensure market growth and promotion of all products
* Develop and maintain business to achieve assigned monthly, quarterly and annual sales revenue targets.
* Drive product specifications through A\\&D firms and manage project until order is secured
* Present product information to customers, including features, benefits and new product offerings. Educate customers to ensure products are understood and used effectively.
* Provide samples and /or demonstrations as requested.
* Be current and active in opportunity tracking and call notes through company customer management programs.
* Complete monthly Scorecard/high payoff activities to support pipeline and sales growth.
* Attend project tracking meetings, product presentations, and other regularly scheduled meetings and events required or as assigned.
* Proactively seeks to improve product knowledge by interacting with internal and external subject matter experts.
* Maintain client Libraries with the most current and applicable products for that firm
* Maintain monthly expense targets set forth by the direct manager annually.
* Performs other duties as assigned

  




**Knowledge, Skills and Abilities**


* Strong track record in sales growth
* Self\\-starter with ability to multi\\-task
* Excellent verbal and written skills
* Strong follow up skills
* Highly motivated and able to efficiently function in self\\-directed work environment
* Demonstrated history of fulfilling commitments and precise timely responses to customer/staff inquiries and telephone calls
* Strong character, unquestionable integrity and sense of fairness
* Ability to effectively make presentations, lead discussions and negotiate.
* High level of attention to detail with excellent organizational skills.
* Able to work with a team.
* Able to grow relationships by both electronic and phone communication.
* Ability to maintain a CRM system.
* Ability to work with company provided electronic tools and analytic programs.
* Driven by sales growth and successful achievement of goals.

  




**Minimum Qualifications:**


* Bachelor?s degree preferred, BA or equivalent experience in Interior Design preferred
* Minimum 2 years outside business\\-to\\-business sales with a proven track record of success
* One of experience in a customer\\-facing sales role (business to business)
* Valid Driver?s License and automobile insurance
* Good Driving record, able to meet Virginia Tile driving qualifications
* Well\\-groomed with professional business attire and appearance
* Must be able to transport company product in personal vehicle
* Adequate and dependable transportation for daily travel to and from customer site
* Must be able to drive throughout the workday
* Qualification is ideal but not required: System knowledge: Microsoft suites, Power BI


**Travel:**


* Ability to travel regionally or nationally occasionally
* Ability to travel overnight occasionally

  




**Schedule:**


* Monday through Friday, 8 hours per day minimum
* Occasional evening or weekend hours as necessary to attend customer outings, meetings and/or trade association meetings, etc.


**Supervisory Responsibilities:**


* There are no supervisory responsibilities for this position.


**Working Conditions**:


The work environment characteristics described here are representative of those an employee encounters while performing the essential functions of this job. Reasonable accommodations may be made to enable individuals with disabilities to perform the essential functions. Noise level in the work environment is usually moderate.


Hybrid office and home office setting.","","https://www.indeed.com/cmp/Virginia-Tile-Company,-LLC","https://d2q79iu7y748jz.cloudfront.net/s/_squarelogo/256x256/bd78cc34bb708e60bd1f84c9f27be7cc","http://www.virginiatile.com","Corporate Office Located in: Plymouth Road Technical Center
Address: 28320 Plymouth Rd, Livonia, MI 48150
Hours:  M-F 7:30 am - 4 pm 

","201 to 500","$100M to $500M (USD)","We offer a collaborative environment where creative thinkers can continually grow their passions, expand their expertise, and benefit from new opportunities.","","","","","",""
"in-f38a4c8e0f135620","indeed","https://www.indeed.com/viewjob?jk=f38a4c8e0f135620","https://www.appone.com/applinkportal.asp?r_id=7078404&AdCode=Indeed21019","Sales Support Representative","The Food Source International, Inc.","Exton, PA, US","2026-03-02","fulltime","","","","","",False,"","","","","**Job Title:** Sales Support Representative


**Location:** Exton, PA (Onsite)


**Department:** Sales


**Schedule:** Full\\-Time \\| Monday–Friday \\| 8:30 AM – 5:00 PM (occasional travel and extended hours as needed)


**Reports To**: Sales Support Manager


**Who We Are**


The Food Source International (TFSI) is a taste and ingredient company with a pulse on what’s next in the world of food. Founded in 1997, we prioritize high\\-quality tastes and ingredients that provide unique solutions to the technical challenges food processors face.


We are on a mission to vertically drive the future of taste and deliver critical outcomes for our customers through collaboration, artistry, passion, agility, and accountability.  

Our passion for improving taste and health in food is at our core. We continue to grow by hiring creative and forward\\-thinking team members who put the customers’ needs first.


**Position Summary**


The Sales Representative is responsible for driving revenue growth through new business development, account expansion, and strategic customer relationship management within the industrial ingredients and seasonings space.


This role partners cross\\-functionally with Research \\& Development, Logistics, Accounting, and Operations to deliver tailored ingredient solutions that meet customer technical and commercial needs.


This position is ideal for a results\\-driven, relationship\\-focused professional who thrives in a fast\\-paced, solution\\-oriented B2B sales environment.


**What You Will Do**


* Identify, prospect, and secure new business opportunities within target markets
* Manage and grow existing customer accounts through strategic upselling and cross\\-selling initiatives
* Develop and deliver customer presentations, proposals, and pricing strategies
* Collaborate with R\\&D to support product development, sample requests, and commercialization efforts
* Negotiate pricing, contracts, and supply agreements in alignment with company objectives
* Maintain accurate pipeline forecasting and CRM documentation
* Monitor order progression and customer satisfaction in partnership with Sales Support and Operations
* Analyze market trends, customer buying patterns, and competitive positioning
* Travel to customer sites, trade shows, and industry events as required


**Key Performance Indicators (KPIs)**


* Revenue growth (new and existing accounts)
* Gross margin performance
* New account acquisition rate
* Customer retention and expansion metrics
* Sales pipeline velocity and forecast accuracy

  




**What You Will Bring**


* Strong consultative selling skills in a B2B environment
* Ability to translate technical ingredient functionality into commercial value
* Excellent negotiation, communication, and presentation skills
* Strategic thinking with the ability to manage multiple accounts simultaneously
* Proficiency with Microsoft Office and CRM/ERP systems
* Self\\-motivated with a high level of accountability

  




**Education \\& Experience**


* Bachelor’s degree in Business, Food Science, or related field preferred
* 3\\+ years of B2B sales experience (food ingredients, flavors, seasonings, or CPG manufacturing preferred)
* Experience working cross\\-functionally with R\\&D and Operations teams is a plus

  




**Food Safety, Quality \\& Compliance (if applicable)**


All employees are expected to follow company Food Safety, Quality, and Regulatory policies as part of our commitment to delivering safe, high\\-quality products.


This role may require adherence to: \\- GMP, HACCP, Allergen Control, and SSOP standards \\- Accurate documentation and traceability practices \\- Audit or recall support activities as directed

  


**Physical Requirements**


* Ability to sit or stand for extended periods
* Occasional lifting of materials up to 25 pounds
* Travel as required for client meetings and industry events

  




**Benefits**


* Health, Dental, and Vision Insurance
* 401(k) with company match
* Paid Time Off and Paid Holidays
* Tuition Reimbursement
* Wellness and engagement activities

  




**Our Core Values**


We are seeking individuals who align with and grow through our shared values:


* Trust – Act with integrity and accountability
* Adaptability – Embrace change and continuous improvement
* Support – Collaborate and uplift others
* Teamwork – Work together toward shared success
* Energy – Bring passion and enthusiasm to your work

  




**Why Join Us?**


**The Food Source International (TFSI)**


At TFSI, your ideas matter. You will be part of a collaborative, cross\\-functional environment where innovation, quality, and customer partnership drive success. We value continuous improvement, open communication, and investing in the growth of our people.

  


**Equal Opportunity Employer**


We are an equal opportunity employer, and all qualified applicants will receive consideration for employment without regard to race, color, religion, sex, national origin, disability status, protected veteran status, sexual orientation, gender identity, or any other characteristic protected by law.","","https://www.indeed.com/cmp/The-Food-Source-International,-Inc.","","","","","","","","","","","",""
"in-dc9c7730b837a043","indeed","https://www.indeed.com/viewjob?jk=dc9c7730b837a043","https://www.appone.com/applinkportal.asp?r_id=7078247&AdCode=Indeed27287","Construction Staffing Branch Manager (B2B Hunter Role) NW Florida","","Panama City Beach, FL, US","2026-03-02","fulltime","","","","","",False,"","","","Sales@ramsrpg.com","**Skilled Trades Staffing**


* **READ THIS FIRST — THIS IS NOT A LABOR OR TRADE POSITION \\-This role is 100% B2B sales.**


If you are looking to work on a jobsite, wear tools, or be placed as a tradesman — do not apply.
**Boots · Hard Hats · Boardrooms**


**Is this YOU?**


**You** are a proven construction staffing sales leader who knows how to build, lead, and grow a branch—not just manage one.


**You** have successful experience selling to Commercial Construction Leaders with average sales of at least $25K and up to $250K. ‘Hustle’ is your nickname.


**You** are a hunter at heart and love the thrill of the chase, but once you land an account, you leverage the relationship for account growth.


**You** don’t hide behind a desk — you’re in the field, in the numbers, and in the conversations that move the branch forward.


**You** have strong experience and understanding of job costing, lead time, downtime, project timelines, job site management, price pressure, displacing the competition, and overcoming early resistance in the sales process.


**You** earn the respect of clients and prospects by showing up as a consultative partner who understands jobsite realities, workforce pressures, and project timelines—not just a salesperson pushing labor. Your only skill stronger than relationships is prospecting.


**You** learn fast and can smell the difference between opportunity and a waste of time, and your internal drive propels you to the next opportunity as fast as possible.


**You** love a fast\\-paced environment and want an opportunity to grow in a company with proven career paths, strong leadership, and high expectations.


**You** are excited to show your effort daily, proving you work circles around everyone else. CRMs are your friend.


**You** love a comp plan that does not limit your capabilities, provides ramp\\-up security, and allows you to make what you believe you are worth, while also giving you the opportunity to grow your income to over six figures.


**You** bring the grit, we’ll provide the tools and environment to stretch your potential.


If this is **YOU**, we want to meet you.

  

  

Send your resume to Sales@ramsrpg.com and take the next step toward a high\\-impact sales career in construction staffing.


\\#PR030226","","","","","","","","","","","","","",""
"in-a16ceb1757158820","indeed","https://www.indeed.com/viewjob?jk=a16ceb1757158820","https://careers.hcahealthcare.com/en/jobs/17414327-hospice-account-executive?tm_job=1-INFOR-4330589&tm_event=view&tm_company=2537","Hospice Account Executive","Methodist Healthcare System","San Antonio, TX, US","2026-03-02","fulltime","","","","","",False,"","","","","This position is incentive eligible.  

  

  

Do you have the career opportunities as a Hospice Account Executive you want with your current employer? We have an exciting opportunity for you to join Methodist Hospice \\& Family Care which is part of the nation's leading provider of healthcare services, HCA Healthcare.


##### **Job Summary and Qualifications**


##### **Responsible for overall coordination of business development and education of patients, insurance companies, physicians, hospitals, nurses, community resources, other health care specialists and the local community. Ensures continuity of care, smooth interaction and communication between all involved in patient care activities. In conjunction with the Director of Clinical Services, is responsible for development of home health programs in the general community.****What you will do in this role:*** **Visits and establishes rapport and relationships with referral sources to include educational services and presentation of business plans**
* **Supports and participates in the marketing functions to ensure engagement in community networking**
* **Communicates progress of all activities to appropriate leaders**
* **Responsible for identifying new markets to promote services to**

**What qualifications you will need:*** **Bachelor’s Degree with a major in Marketing, and/or Licensed Nurse preferred**
* **Minimum of two (2\\) years of experience in sales or public relations, preferably in a home health care company**
* **Reliable transportation and proof of valid automobile liability insurance**
* **Must have valid driver’s license**
* **Travel required**

**Benefits**


Methodist Hospice \\& Family Care, offers a total rewards package that supports the health, life, career and retirement of our colleagues. The available plans and programs include:

* **Comprehensive benefits** for medical, prescription drug, dental, vision, behavioral health and telemedicine services
* **Wellbeing support,** including free counseling and referral services
* **Time away from work** programs for paid time off, paid family leave, long\\- and short\\-term disability coverage and leaves of absence
* **Savings and retirement resources**, including a 401(k) Plan with a 100% match on 3% to 9% of pay (based on years of service), Employee Stock Purchase Plan, flexible spending accounts, preferred banking partnerships, retirement readiness tools, rollover support and financial wellbeing counseling
* **Education support** through tuition assistance, student loan assistance, certification support, dependent scholarships and a partnership with Galen College of Nursing
* **Additional benefits** for fertility and family building, adoption assistance, life insurance, supplemental health protection plans, auto and home insurance, legal counseling, identity theft protection and consumer discounts


Learn more about Employee Benefits

***Note: Eligibility for benefits may vary by location.***


Hospice \\& Family Care provides physical, emotional, and spiritual support for patients and families. We help navigate each step of their hospice journey. Our Care teams include physicians, nurses, therapists, hospice aides and social workers. Also, music therapists, spiritual counselors, volunteers and bereavement specialists are part of the care team. Our services include regular scheduled visits and on\\-call support. Patients can receive hospice care at home or a skilled nursing center. Hospice care is also available at an independent or assisted living community or a hospital. We are committed to ensuring our patients have the fullness of life, dignity and the respect they deserve. HCA Healthcare raises the bar on what comprehensive hospice care looks like. Just like family, we pull together to care for and support our patients and each other.


HCA Healthcare has been recognized as one of the World's Most Ethical Companies® by the Ethisphere Institute more than ten times. In recent years, HCA Healthcare spent an estimated $3\\.7 billion in cost for the delivery of charitable care, uninsured discounts, and other uncompensated expenses.


""Bricks and mortar do not make a hospital. People do.""\\- Dr. Thomas Frist, Sr.  

HCA Healthcare Co\\-Founder


If you are looking for an opportunity that provides satisfaction and personal growth, we encourage you to apply for our Hospice Account Executive opening. We promptly review all applications. Highly qualified candidates will be contacted for interviews. **Unlock the possibilities and apply today!**

*We are an equal opportunity employer. We do not discriminate on the basis of race, religion, color, national origin, gender, sexual orientation, age, marital status, veteran status, or disability status.*","Health Care","https://www.indeed.com/cmp/Methodist-Healthcare-System","https://d2q79iu7y748jz.cloudfront.net/s/_squarelogo/256x256/170568ef18520e1505a96900b4b27daf","https://sahealth.com/home/","15727 Anthem Pkwy
Suite 600
San Antonio, TX 78249","5,001 to 10,000","less than $1M (USD)","For more than 50 years, Methodist Healthcare has provided high quality care to patients from San Antonio, its 26 surrounding counties and around the world.","","","","","",""
"in-31cb47e9d0f65683","indeed","https://www.indeed.com/viewjob?jk=31cb47e9d0f65683","https://careers.hcahealthcare.com/en/jobs/17414341-hospice-account-executive-fort-worth?tm_job=1-INFOR-4330617-OTHLOC-00073&tm_event=view&tm_company=2537","Hospice Account Executive Fort Worth","Medical City Healthcare","Fort Worth, TX, US","2026-03-02","fulltime","","","","","",False,"","","","","This position is incentive eligible.  

  

  

Do you have the career opportunities as a Hospice Account Executive you want with your current employer? We have an exciting opportunity for you to join Medical City Hospice \\& Family Care which is part of the nation's leading provider of healthcare services, HCA Healthcare.


##### **Job Summary and Qualifications**


##### **Responsible for overall coordination of business development and education of patients, insurance companies, physicians, hospitals, nurses, community resources, other health care specialists and the local community. Ensures continuity of care, smooth interaction and communication between all involved in patient care activities. In conjunction with the Director of Clinical Services, is responsible for development of home health programs in the general community.****What you will do in this role:*** **Visits and establishes rapport and relationships with referral sources to include educational services and presentation of business plans**
* **Supports and participates in the marketing functions to ensure engagement in community networking**
* **Communicates progress of all activities to appropriate leaders**
* **Responsible for identifying new markets to promote services to**

**What qualifications you will need:*** **Bachelor’s Degree with a major in Marketing, and/or Licensed Nurse preferred**
* **Minimum of two (2\\) years of experience in sales or public relations, preferably in a home health care company**
* **Reliable transportation and proof of valid automobile liability insurance**
* **Must have valid driver’s license**
* **Travel required**

**Benefits**


Medical City Hospice \\& Family Care, offers a total rewards package that supports the health, life, career and retirement of our colleagues. The available plans and programs include:

* **Comprehensive benefits** for medical, prescription drug, dental, vision, behavioral health and telemedicine services
* **Wellbeing support,** including free counseling and referral services
* **Time away from work** programs for paid time off, paid family leave, long\\- and short\\-term disability coverage and leaves of absence
* **Savings and retirement resources**, including a 401(k) Plan with a 100% match on 3% to 9% of pay (based on years of service), Employee Stock Purchase Plan, flexible spending accounts, preferred banking partnerships, retirement readiness tools, rollover support and financial wellbeing counseling
* **Education support** through tuition assistance, student loan assistance, certification support, dependent scholarships and a partnership with Galen College of Nursing
* **Additional benefits** for fertility and family building, adoption assistance, life insurance, supplemental health protection plans, auto and home insurance, legal counseling, identity theft protection and consumer discounts


Learn more about Employee Benefits

***Note: Eligibility for benefits may vary by location.***


Hospice \\& Family Care provides physical, emotional, and spiritual support for patients and families. We help navigate each step of their hospice journey. Our Care teams include physicians, nurses, therapists, hospice aides and social workers. Also, music therapists, spiritual counselors, volunteers and bereavement specialists are part of the care team. Our services include regular scheduled visits and on\\-call support. Patients can receive hospice care at home or a skilled nursing center. Hospice care is also available at an independent or assisted living community or a hospital. We are committed to ensuring our patients have the fullness of life, dignity and the respect they deserve. HCA Healthcare raises the bar on what comprehensive hospice care looks like. Just like family, we pull together to care for and support our patients and each other.


HCA Healthcare has been recognized as one of the World's Most Ethical Companies® by the Ethisphere Institute more than ten times. In recent years, HCA Healthcare spent an estimated $3\\.7 billion in cost for the delivery of charitable care, uninsured discounts, and other uncompensated expenses.


""Bricks and mortar do not make a hospital. People do.""\\- Dr. Thomas Frist, Sr.  

HCA Healthcare Co\\-Founder


If you are looking for an opportunity that provides satisfaction and personal growth, we encourage you to apply for our Hospice Account Executive opening. We promptly review all applications. Highly qualified candidates will be contacted for interviews. **Unlock the possibilities and apply today!**

*We are an equal opportunity employer. We do not discriminate on the basis of race, religion, color, national origin, gender, sexual orientation, age, marital status, veteran status, or disability status.*","Health Care","https://www.indeed.com/cmp/Medical-City-Healthcare","https://d2q79iu7y748jz.cloudfront.net/s/_squarelogo/256x256/7e24a41dea53f55a5eb4ee6cf21c6e42","https://careers.hcahealthcare.com/pages/medical-city-healthcare?bid=45","Medical City Healthcare
13155 Noel Rd.
Suite 2000
Dallas, TX 75240","10,000+","more than $10B (USD)","Medical City Healthcare is one of the region's largest, most comprehensive health care providers and includes 21 hospitals, 7 off-campus emergency rooms and 15 ambulatory surgery centers.","","","","","",""
"in-ae468cd0f0a4709d","indeed","https://www.indeed.com/viewjob?jk=ae468cd0f0a4709d","https://careers.hcahealthcare.com/en/jobs/17414338-hospice-account-executive-fort-worth?tm_job=1-INFOR-4330617&tm_event=view&tm_company=2537","Hospice Account Executive Fort Worth","Medical City Healthcare","Arlington, TX, US","2026-03-02","fulltime","","","","","",False,"","","","","This position is incentive eligible.  

  

  

Do you have the career opportunities as a Hospice Account Executive you want with your current employer? We have an exciting opportunity for you to join Medical City Hospice \\& Family Care which is part of the nation's leading provider of healthcare services, HCA Healthcare.


##### **Job Summary and Qualifications**


##### **Responsible for overall coordination of business development and education of patients, insurance companies, physicians, hospitals, nurses, community resources, other health care specialists and the local community. Ensures continuity of care, smooth interaction and communication between all involved in patient care activities. In conjunction with the Director of Clinical Services, is responsible for development of home health programs in the general community.****What you will do in this role:*** **Visits and establishes rapport and relationships with referral sources to include educational services and presentation of business plans**
* **Supports and participates in the marketing functions to ensure engagement in community networking**
* **Communicates progress of all activities to appropriate leaders**
* **Responsible for identifying new markets to promote services to**

**What qualifications you will need:*** **Bachelor’s Degree with a major in Marketing, and/or Licensed Nurse preferred**
* **Minimum of two (2\\) years of experience in sales or public relations, preferably in a home health care company**
* **Reliable transportation and proof of valid automobile liability insurance**
* **Must have valid driver’s license**
* **Travel required**

**Benefits**


Medical City Hospice \\& Family Care, offers a total rewards package that supports the health, life, career and retirement of our colleagues. The available plans and programs include:

* **Comprehensive benefits** for medical, prescription drug, dental, vision, behavioral health and telemedicine services
* **Wellbeing support,** including free counseling and referral services
* **Time away from work** programs for paid time off, paid family leave, long\\- and short\\-term disability coverage and leaves of absence
* **Savings and retirement resources**, including a 401(k) Plan with a 100% match on 3% to 9% of pay (based on years of service), Employee Stock Purchase Plan, flexible spending accounts, preferred banking partnerships, retirement readiness tools, rollover support and financial wellbeing counseling
* **Education support** through tuition assistance, student loan assistance, certification support, dependent scholarships and a partnership with Galen College of Nursing
* **Additional benefits** for fertility and family building, adoption assistance, life insurance, supplemental health protection plans, auto and home insurance, legal counseling, identity theft protection and consumer discounts


Learn more about Employee Benefits

***Note: Eligibility for benefits may vary by location.***


Hospice \\& Family Care provides physical, emotional, and spiritual support for patients and families. We help navigate each step of their hospice journey. Our Care teams include physicians, nurses, therapists, hospice aides and social workers. Also, music therapists, spiritual counselors, volunteers and bereavement specialists are part of the care team. Our services include regular scheduled visits and on\\-call support. Patients can receive hospice care at home or a skilled nursing center. Hospice care is also available at an independent or assisted living community or a hospital. We are committed to ensuring our patients have the fullness of life, dignity and the respect they deserve. HCA Healthcare raises the bar on what comprehensive hospice care looks like. Just like family, we pull together to care for and support our patients and each other.


HCA Healthcare has been recognized as one of the World's Most Ethical Companies® by the Ethisphere Institute more than ten times. In recent years, HCA Healthcare spent an estimated $3\\.7 billion in cost for the delivery of charitable care, uninsured discounts, and other uncompensated expenses.


""Bricks and mortar do not make a hospital. People do.""\\- Dr. Thomas Frist, Sr.  

HCA Healthcare Co\\-Founder


If you are looking for an opportunity that provides satisfaction and personal growth, we encourage you to apply for our Hospice Account Executive opening. We promptly review all applications. Highly qualified candidates will be contacted for interviews. **Unlock the possibilities and apply today!**

*We are an equal opportunity employer. We do not discriminate on the basis of race, religion, color, national origin, gender, sexual orientation, age, marital status, veteran status, or disability status.*","Health Care","https://www.indeed.com/cmp/Medical-City-Healthcare","https://d2q79iu7y748jz.cloudfront.net/s/_squarelogo/256x256/7e24a41dea53f55a5eb4ee6cf21c6e42","https://careers.hcahealthcare.com/pages/medical-city-healthcare?bid=45","Medical City Healthcare
13155 Noel Rd.
Suite 2000
Dallas, TX 75240","10,000+","more than $10B (USD)","Medical City Healthcare is one of the region's largest, most comprehensive health care providers and includes 21 hospitals, 7 off-campus emergency rooms and 15 ambulatory surgery centers.","","","","","",""
"in-56cdfbb20c7f9167","indeed","https://www.indeed.com/viewjob?jk=56cdfbb20c7f9167","https://careers.hcahealthcare.com/en/jobs/17414227-hospice-account-executive?tm_job=1-INFOR-4330587&tm_event=view&tm_company=2537","Hospice Account Executive","HCA Houston Healthcare","Houston, TX, US","2026-03-02","fulltime","","","","","",False,"","","","","This position is incentive eligible.  

  

  

Do you have the career opportunities as a Hospice Account Executive you want with your current employer? We have an exciting opportunity for you to join HCA Houston Hospice \\& Family Care which is part of the nation's leading provider of healthcare services, HCA Healthcare.


##### **Job Summary and Qualifications**


##### **Responsible for overall coordination of business development and education of patients, insurance companies, physicians, hospitals, nurses, community resources, other health care specialists and the local community. Ensures continuity of care, smooth interaction and communication between all involved in patient care activities. In conjunction with the Director of Clinical Services, is responsible for development of home health programs in the general community.****What you will do in this role:*** **Visits and establishes rapport and relationships with referral sources to include educational services and presentation of business plans**
* **Supports and participates in the marketing functions to ensure engagement in community networking**
* **Communicates progress of all activities to appropriate leaders**
* **Responsible for identifying new markets to promote services to**

**What qualifications you will need:*** **Bachelor’s Degree with a major in Marketing, and/or Licensed Nurse preferred**
* **Minimum of two (2\\) years of experience in sales or public relations, preferably in a home health care company**
* **Reliable transportation and proof of valid automobile liability insurance**
* **Must have valid driver’s license**
* **Travel required**

**Benefits**


HCA Houston Hospice \\& Family Care, offers a total rewards package that supports the health, life, career and retirement of our colleagues. The available plans and programs include:

* **Comprehensive benefits** for medical, prescription drug, dental, vision, behavioral health and telemedicine services
* **Wellbeing support,** including free counseling and referral services
* **Time away from work** programs for paid time off, paid family leave, long\\- and short\\-term disability coverage and leaves of absence
* **Savings and retirement resources**, including a 401(k) Plan with a 100% match on 3% to 9% of pay (based on years of service), Employee Stock Purchase Plan, flexible spending accounts, preferred banking partnerships, retirement readiness tools, rollover support and financial wellbeing counseling
* **Education support** through tuition assistance, student loan assistance, certification support, dependent scholarships and a partnership with Galen College of Nursing
* **Additional benefits** for fertility and family building, adoption assistance, life insurance, supplemental health protection plans, auto and home insurance, legal counseling, identity theft protection and consumer discounts


Learn more about Employee Benefits

***Note: Eligibility for benefits may vary by location.***


Hospice \\& Family Care provides physical, emotional, and spiritual support for patients and families. We help navigate each step of their hospice journey. Our Care teams include physicians, nurses, therapists, hospice aides and social workers. Also, music therapists, spiritual counselors, volunteers and bereavement specialists are part of the care team. Our services include regular scheduled visits and on\\-call support. Patients can receive hospice care at home or a skilled nursing center. Hospice care is also available at an independent or assisted living community or a hospital. We are committed to ensuring our patients have the fullness of life, dignity and the respect they deserve. HCA Healthcare raises the bar on what comprehensive hospice care looks like. Just like family, we pull together to care for and support our patients and each other.


HCA Healthcare has been recognized as one of the World's Most Ethical Companies® by the Ethisphere Institute more than ten times. In recent years, HCA Healthcare spent an estimated $3\\.7 billion in cost for the delivery of charitable care, uninsured discounts, and other uncompensated expenses.


""Bricks and mortar do not make a hospital. People do.""\\- Dr. Thomas Frist, Sr.  

HCA Healthcare Co\\-Founder


If you are looking for an opportunity that provides satisfaction and personal growth, we encourage you to apply for our Hospice Account Executive opening. We promptly review all applications. Highly qualified candidates will be contacted for interviews. **Unlock the possibilities and apply today!**

*We are an equal opportunity employer. We do not discriminate on the basis of race, religion, color, national origin, gender, sexual orientation, age, marital status, veteran status, or disability status.*","","https://www.indeed.com/cmp/HCA-Houston-Healthcare","https://d2q79iu7y748jz.cloudfront.net/s/_squarelogo/256x256/a18e60a786e6fd217fa49c8c394fddad","https://hcahoustonhealthcare.com/","HCA Houston Healthcare
3737 Buffalo Speedway
Suite 1400
Houston, TX 77098","10,000+","more than $10B (USD)","Our comprehensive network includes 13 hospitals, nine outpatient surgery centers, 11 freestanding emergency centers and a dozen freestanding diagnostic imaging facilities in the greater Houston area.","","","","","",""
"in-60fb2a5d31794498","indeed","https://www.indeed.com/viewjob?jk=60fb2a5d31794498","https://careers.hcahealthcare.com/en/jobs/17414414-hospice-account-executive?tm_job=1-INFOR-4330586&tm_event=view&tm_company=2537","Hospice Account Executive","HealthONE","Greenwood Village, CO, US","2026-03-02","fulltime","direct_data","yearly",64376.0,90105.0,"USD",False,"","","","","This position is incentive eligible.
  

  

Salary Estimate: $64376\\.00 \\- $90105\\.60 / year  

Learn more about the benefits offered for this job.  

The estimate displayed represents the typical salary range of candidates hired. Factors that may be used to determine your actual salary may include your specific skills, how many years of experience you have and comparison to other employees already in this role. The typical candidate is hired below midpoint of the range.


Do you have the career opportunities as a Hospice Account Executive you want with your current employer? We have an exciting opportunity for you to join HealthONE Hospice \\& Family Care which is part of the nation's leading provider of healthcare services, HCA Healthcare.


##### **Job Summary and Qualifications**


##### **Responsible for overall coordination of business development and education of patients, insurance companies, physicians, hospitals, nurses, community resources, other health care specialists and the local community. Ensures continuity of care, smooth interaction and communication between all involved in patient care activities. In conjunction with the Director of Clinical Services, is responsible for development of home health programs in the general community.****What you will do in this role:*** **Visits and establishes rapport and relationships with referral sources to include educational services and presentation of business plans**
* **Supports and participates in the marketing functions to ensure engagement in community networking**
* **Communicates progress of all activities to appropriate leaders**
* **Responsible for identifying new markets to promote services to**

**What qualifications you will need:*** **Bachelor’s Degree with a major in Marketing, and/or Licensed Nurse preferred**
* **Minimum of two (2\\) years of experience in sales or public relations, preferably in a home health care company**
* **Reliable transportation and proof of valid automobile liability insurance**
* **Must have valid driver’s license**
* **Travel required**

**Benefits**


HealthONE Hospice \\& Family Care, offers a total rewards package that supports the health, life, career and retirement of our colleagues. The available plans and programs include:

* **Comprehensive benefits** for medical, prescription drug, dental, vision, behavioral health and telemedicine services
* **Wellbeing support,** including free counseling and referral services
* **Time away from work** programs for paid time off, paid family leave, long\\- and short\\-term disability coverage and leaves of absence
* **Savings and retirement resources**, including a 401(k) Plan with a 100% match on 3% to 9% of pay (based on years of service), Employee Stock Purchase Plan, flexible spending accounts, preferred banking partnerships, retirement readiness tools, rollover support and financial wellbeing counseling
* **Education support** through tuition assistance, student loan assistance, certification support, dependent scholarships and a partnership with Galen College of Nursing
* **Additional benefits** for fertility and family building, adoption assistance, life insurance, supplemental health protection plans, auto and home insurance, legal counseling, identity theft protection and consumer discounts


Learn more about Employee Benefits

***Note: Eligibility for benefits may vary by location.***


Hospice \\& Family Care provides physical, emotional, and spiritual support for patients and families. We help navigate each step of their hospice journey. Our Care teams include physicians, nurses, therapists, hospice aides and social workers. Also, music therapists, spiritual counselors, volunteers and bereavement specialists are part of the care team. Our services include regular scheduled visits and on\\-call support. Patients can receive hospice care at home or a skilled nursing center. Hospice care is also available at an independent or assisted living community or a hospital. We are committed to ensuring our patients have the fullness of life, dignity and the respect they deserve. HCA Healthcare raises the bar on what comprehensive hospice care looks like. Just like family, we pull together to care for and support our patients and each other.


HCA Healthcare has been recognized as one of the World's Most Ethical Companies® by the Ethisphere Institute more than ten times. In recent years, HCA Healthcare spent an estimated $3\\.7 billion in cost for the delivery of charitable care, uninsured discounts, and other uncompensated expenses.


""Bricks and mortar do not make a hospital. People do.""\\- Dr. Thomas Frist, Sr.  

HCA Healthcare Co\\-Founder


If you are looking for an opportunity that provides satisfaction and personal growth, we encourage you to apply for our Hospice Account Executive opening. We promptly review all applications. Highly qualified candidates will be contacted for interviews. **Unlock the possibilities and apply today!**

*We are an equal opportunity employer. We do not discriminate on the basis of race, religion, color, national origin, gender, sexual orientation, age, marital status, veteran status, or disability status.*","Health Care","https://www.indeed.com/cmp/Healthone-2","https://d2q79iu7y748jz.cloudfront.net/s/_squarelogo/256x256/41ad5f46f002309a194811eb55d96ff3","https://careers.hcahealthcare.com/pages/hca-healthone","Denver, Colorado","10,000+","$500M to $1B (USD)","As a part of a leading national healthcare network, HCA Healthcare, we are always driven by a single mission: Above all else, we are committed to the care and improvement of human life.","","","","","",""
"in-b9183f5d53886fda","indeed","https://www.indeed.com/viewjob?jk=b9183f5d53886fda","https://fortive.eightfold.ai/careers/job/893393727835?utm_source=indeed&domain=fortive.com","Non-Technical Customer Support","Fluke","Everett, WA, US","2026-02-26","","direct_data","yearly",47600.0,71400.0,"USD",False,"","","","applyassistance@fortive.com, applyassistance@fortive.com","The Inside Sales Associate is responsible for driving offer consolidation for all transactional new mainframe unit sales calls. Sellers will help with product selection, general inquiry, and promoting consolidation for related SKUs within the aligned customer vertical. Team members will serve as the initial introduction for new customers, and additional responsibilities will be aimed toward developing customer profiles and strengthening engagement between end users and account management sales teams as well as experiments to help grow the sales teams opportunities. The ISA role is an Entry Level Sales Position that offers a robust training and development program designed to introduce and hone sales skills with opportunities for rapid career progression.

 **Responsibilities:**

* Sellers will create accounts for new customers and capture relevant information to foster future interactions and relationships.
* Sellers will inform and propose relevant solutions to maximize revenue and form mutually beneficial relationships with Fluke customers.
* Sellers will also conduct outbound customer engagement and sales campaigns designed to:
* Initiate new relationships in relevant and emerging vertical markets.
* Drive consolidation by offering compatible solutions based on customer purchase history.
* Conduct market intelligence campaigns designed to capture market share in emerging fields such as solar and renewable energy.
* Propose premium care plans with the intention of helping end users protect and extend the life of previously purchased Fluke products.

 **Qualifications:**

* Bachelor’s degree in either Business, Sales, Marketing, Accounting, Finance, or Education, or a minimum of 2 years of relevant B2B Sales Experience in lieu of a degree.
* Capable of identifying, engaging, and developing customers with little to no exposure to Fluke products or solutions.
* Elevated learning proficiency and adaptability.
* High data literacy and practical application skills.
* Excellent interpersonal verbal and written communication skills.
* Proficiency in Information technology, data entry, and hypercube\\-database utilization.
* Proven track record of consistent sales, professional, and personal growth.
* Desire to learn, apply, contribute to, and perfect an iterative sales process.
* Meticulous time management skills.
* High sense of ownership and personal accountability.
* ISA will possess and promote a mindset around continuous growth\\- devoted to developing themselves, their peers, and improving quality of life of those they interact with.

  



**Bonus or Equity**  

This position is also eligible for bonus as part of the total compensation package.

**Fortive Corporation Overview**


Fortive's essential technology makes the world safer and more productive. We accelerate transformation in high\\-impact fields like workplace safety, build environments, and healthcare.


We are a global industrial technology innovator with a startup spirit. Our forward\\-looking companies lead the way in healthcare sterilization, industrial safety, predictive maintenance, and other mission\\-critical solutions. We're a force for progress, working alongside our customers and partners to solve challenges on a global scale, from workplace safety in the most demanding conditions to advanced technologies that help providers focus on exceptional patient care.


We are a diverse team 10,000 strong, united by a dynamic, inclusive culture and energized by limitless learning and growth. We use the proven Fortive Business System (FBS) to accelerate our positive impact.


At Fortive, we believe in you. We believe in your potential—your ability to learn, grow, and make a difference.


At Fortive, we believe in us. We believe in the power of people working together to solve problems no one could solve alone.


At Fortive, we believe in growth. We're honest about what's working and what isn't, and we never stop improving and innovating.


Fortive: For you, for us, for growth.

**About Fluke**


Fluke is leading the world in creating software, test tools and technology that will support customers today and in the future. We are a customer\\-obsessed market leader with a strong reputation for reliability, quality and safety.A wholly owned subsidiary of Fortive Corporation (www.fortive.com), Fluke is a global corporation headquartered in the greater Seattle area. Driven by the successful Fortive Business System, Fluke offers the passion of a startup with the resources of a Fortune 500 company. We are focused on the growth of our individual employees, teams and the Fluke brand.


We Are an Equal Opportunity Employer. Fortive Corporation and all Fortive Companies are proud to be equal opportunity employers. We value and encourage diversity and solicit applications from all qualified applicants without regard to race, color, national origin, religion, sex, age, marital status, disability, veteran status, sexual orientation, gender identity or expression, or other characteristics protected by law. Fortive and all Fortive Companies are also committed to providing reasonable accommodations for applicants with disabilities. Individuals who need a reasonable accommodation because of a disability for any part of the employment application process, please contact us at applyassistance@fortive.com.


**Bonus or Equity**  

This position is also eligible for bonus as part of the total compensation package.

**Pay Range**  

The salary range for this position (in local currency) is 47,600\\.00 \\- 71,400\\.00


Fluke is leading the world in creating software, test tools and technology that will support customers today and in the future. We are a customer\\-obsessed market leader with a strong reputation for reliability, quality and safety.A wholly owned subsidiary of Fortive Corporation (www.fortive.com), Fluke is a global corporation headquartered in the greater Seattle area. Driven by the successful Fortive Business System, Fluke offers the passion of a startup with the resources of a Fortune 500 company. We are focused on the growth of our individual employees, teams and the Fluke brand.
We Are an Equal Opportunity Employer. Fortive Corporation and all Fortive Companies are proud to be equal opportunity employers. We value and encourage diversity and solicit applications from all qualified applicants without regard to race, color, national origin, religion, sex, age, marital status, disability, veteran status, sexual orientation, gender identity or expression, or other characteristics protected by law. Fortive and all Fortive Companies are also committed to providing reasonable accommodations for applicants with disabilities. Individuals who need a reasonable accommodation because of a disability for any part of the employment application process, please contact us at applyassistance@fortive.com.


The salary range for this position (in local currency) is 47,600\\.00 \\- 71,400\\.00This position is also eligible for bonus as part of the total compensation package.","Industrial Manufacturing","https://www.indeed.com/cmp/Fluke","https://d2q79iu7y748jz.cloudfront.net/s/_squarelogo/256x256/2363228555dc692bd436bbfcaeee55e2","http://www.fluke.com","Everett, WA 98203 United States","1,001 to 5,000","$1B to $5B (USD)","Fluke Corporation is the world leader in the manufacture, distribution and service of electronic test tools and software.","","","","","",""
"in-bc05e31c75b0c745","indeed","https://www.indeed.com/viewjob?jk=bc05e31c75b0c745","https://apply.careers.microsoft.com/careers/job/1970393556756378?utm_source=indeed&domain=microsoft.com","Digital Solution Area Specialists - Security","Microsoft","Irving, TX, US","2026-02-18","fulltime","direct_data","hourly",40.0,86.0,"USD",False,"","","","","**Overview**  

Do you enjoy working on a high\\-performing, fast\\-paced sales team? Are you insatiably curious and do you lean into uncertainty, take risks, and learn quickly from your mistakes? If so, we are looking for you!

  

At Small Medium Enterprises and Channel (SME\\&C), we are leading a high\\-growth, AI\\-powered global sales team—one that is deeply connected to our partners and driven by customer success. By uniting our Small Medium Business, Corporate, Strategy, and Partner teams, we are unlocking the largest customer opportunity, backed by the industry’s most significant investments. Leveraging the power of AI and our extensive partner ecosystem, we are redefining how businesses of all sizes adopt technology to drive growth and innovation.

  

SME\\&C is more than a sales organization—it’s a culture of innovation, opportunity, and inclusivity. Here, you’ll be part of a diverse, high\\-performing, and customer\\-obsessed team where collaboration, connection, and continuous learning fuel everything we do.

  

If you thrive in a fast\\-paced, digital\\-first environment and are eager to make a meaningful impact, explore how SME\\&C can be the next step in your career. Together, we are shaping the future of business.

  

As a Digital Security Specialist, you will take the lead in harnessing the power of AI to achieve customer leadership. Your efforts will be instrumental in executing solution sales strategies by leveraging various programs and offers. Additionally, you will be responsible for selling cloud services and platforms tailored for our managed customers. Furthermore, you will play a significant role in enabling AI and Digital transformation momentum for our customers, partners, and Microsoft.

  

Security has never been more top of mind for governments and businesses, and Microsoft Security Solution is committed to keeping nations and citizens secure in an increasingly complex cyber landscape. As the largest security company in the world, we are ideally placed to think outside the box to help our customers make the world a safer place. Following a year of incredible success, we are excited to be expanding our team with ambitious, diversified, and driven new talent, eager to make a difference in the fight against cybercrime. We are keen to hear your thoughts on how we can further achieve our purpose. Join our team and discover unique opportunities to grow, develop and learn.

  

In the Security Specialists team, we are looking for passionate, experienced, and credible specialist sellers with a drive for developing and winning strategic opportunities that deliver end\\-to\\-end security thought leadership driving significant customer value and enabling transformational customer outcomes. As a Security Specialist you will build digital transformation security strategies with customers, collaborating across different groups inside the Customer environment to successfully enable them to be more secure. You will lead consultative customer conversations and collaborate on the planning, orchestration and execution of end\\-to\\-end Security opportunities with internal stakeholders and partners to cross\\-sell and up\\-sell. This opportunity will allow you to learn and accelerate your career growth, honing your solution sales and collaboration skills and deepening your end\\-to\\-end security expertise. This opportunity will allow you to accelerate your career growth, honing your solution sales and collaboration skills, and deepening your cloud expertise.

  

Microsoft’s mission is to empower every person and every organization on the planet to achieve more. As employees we come together with a growth mindset, innovate to empower others, and collaborate to realize our shared goals. Each day we build on our values of respect, integrity, and accountability to create a culture of inclusion where everyone can thrive at work and beyond.

 **Responsibilities**  

Sales Execution

* Engages in conversation with customers aligned to their industry and collaborates with account and partner team to drive and qualify new opportunities and build pipeline.
* Identifies customer business and technology readiness, proactively builds external stakeholders' mapping, implements strategies to accelerate the closing of deals, contributes input on strategies to drive and close prioritized opportunities, coaches junior team members in deal plan execution, and implements close plans.

Business Value Selling

* Hunt new Security opportunities by identifying and engaging with key business contacts, partners, understanding customers’ business and technology priorities, governance, decision and budget processes, and landing the value proposition.


Scaling and Collaboration

* Applies role orchestration model and navigates the Microsoft organization to bring the best impact to the customer.
* Collaborates with Global Partner Solutions (GPS), identifies new partners, develops joint proposals with partners, and contributes to developing partner strategies.


Technical Expertise

* You will initiate Security discussions with business decision makers conversations, share best practices and key competitor knowledge across solution areas acting as a subject matter expert to make recommendations on pursuit or withdrawal. Leverages and shares competitor knowledge across solution areas as a subject matter expert to inform decisions on pursuit or withdrawal.
* Leads conversations and sets up events within Microsoft, mentors others and develops strategies for best practice sharing, initiates conversations with prospective customers/partners at events, acts as a subject matter expert in one or more solution area(s).
* Collaborates with the 'compete' SMEs internally to analyze competitor products, solutions, and/or services and implement strategies.

Sales Excellence

* You will collaborate with partners and resources to plan for accounts, do compete plans, forecasting, and business analysis to pursue high\\-potential customers


Showcase a learning mentality

* Demonstrate a willingness to invest in your personal learning in the Cybersecurity arena.


Delivers Results Through Teamwork


Drives the execution of projects, partners and collaborates with other teams on related deliverables, and leverages others in relevant work streams.  

* 

  

  

**Qualifications** **Required/minimum qualifications**

* Bachelor's Degree in Information Technology, Business Administration, or related field AND 5\\+ years of technology\\-related sales or account management experience OR 6\\+ years of technology\\-related sales or account management experience.
**Additional or preferred qualifications*** Master's Degree in Business Administration (e.g., MBA), Information Technology, or related field AND 5\\+ years of technology\\-related sales or account management experience OR Bachelor's Degree in Information Technology, or related field AND 6\\+ years of technology\\-related sales or account management experience OR 8\\+ years of technology\\-related sales or account management experience.
* 3\\+ years of solution sales or consulting services sales experience
  

  

  

Digital Solution Area Specialists IC4 \\- The typical base pay range for this role across the U.S. is USD $40\\.96 \\- $80\\.96 per hour. There is a different range applicable to specific work locations, within the San Francisco Bay area and New York City metropolitan area, and the base pay range for this role in those locations is USD $60\\.96 \\- $86\\.11 per hour.


Certain roles may be eligible for benefits and other compensation. Find additional benefits and pay information here:  

https://careers.microsoft.com/us/en/us\\-corporate\\-pay

  

This position will be open for a minimum of 5 days, with applications accepted on an ongoing basis until the position is filled.

  

Microsoft is an equal opportunity employer. All qualified applicants will receive consideration for employment without regard to age, ancestry, citizenship, color, family or medical care leave, gender identity or expression, genetic information, immigration status, marital status, medical condition, national origin, physical or mental disability, political affiliation, protected veteran or military status, race, ethnicity, religion, sex (including pregnancy), sexual orientation, or any other characteristic protected by applicable local laws, regulations and ordinances. If you need assistance with religious accommodations and/or a reasonable accommodation due to a disability during the application process**.**","Internet And Software","https://www.indeed.com/cmp/Microsoft","https://d2q79iu7y748jz.cloudfront.net/s/_squarelogo/256x256/88813b3f866a5b58c9685073e3b87e05","http://www.microsoft.com/","One Microsoft Way Redmond, Washington 98052-6399","10,000+","more than $10B (USD)","Our mission is to empower every person and every organization on the planet to achieve more.","","","","","",""
"li-4248918034","linkedin","https://www.linkedin.com/jobs/view/4248918034","","Corporate Accounts Director - South","Ambu A/S","Florida, United States","2026-03-02","","","","","","",False,"","","","","","","https://dk.linkedin.com/company/ambu-as","","","","","","","","","","","",""
"li-4248917139","linkedin","https://www.linkedin.com/jobs/view/4248917139","","Corporate Accounts Director - South","Ambu A/S","Georgia, United States","2026-03-02","","","","","","",False,"","","","","","","https://dk.linkedin.com/company/ambu-as","","","","","","","","","","","",""
"li-4174144982","linkedin","https://www.linkedin.com/jobs/view/4174144982","","Account Executive","CARET","California, United States","2026-03-02","","","","","","",False,"","","","","","","https://www.linkedin.com/company/get-caret","","","","","","","","","","","",""
"li-4370359125","linkedin","https://www.linkedin.com/jobs/view/4370359125","","Strategic Account Executive","Handshake","","2026-03-02","","","","","","",False,"","","","","","","https://www.linkedin.com/company/team-handshake","","","","","","","","","","","",""
"li-4379128526","linkedin","https://www.linkedin.com/jobs/view/4379128526","","Customer Account Manager, C-Store","Dreyer's Grand Ice Cream","","2026-03-02","","","","","","",False,"","","","","","","https://www.linkedin.com/company/dreyer's-grand-ice-cream","","","","","","","","","","","",""
"li-4248917134","linkedin","https://www.linkedin.com/jobs/view/4248917134","","Corporate Accounts Director - South","Ambu A/S","Alabama, United States","2026-03-01","","","","","","",False,"","","","","","","https://dk.linkedin.com/company/ambu-as","","","","","","","","","","","",""
"li-4248912671","linkedin","https://www.linkedin.com/jobs/view/4248912671","","Corporate Accounts Director - West","Ambu A/S","Oregon, United States","2026-03-01","","","","","","",False,"","","","","","","https://dk.linkedin.com/company/ambu-as","","","","","","","","","","","",""
"li-4378411013","linkedin","https://www.linkedin.com/jobs/view/4378411013","","Account Executive","Great Value Hiring","","2026-03-01","","","","","","",False,"","","","","","","https://in.linkedin.com/company/greatvaluehiring","","","","","","","","","","","",""
"li-4298241580","linkedin","https://www.linkedin.com/jobs/view/4298241580","","Enterprise Account Executive","BriteCore","","2026-03-01","","","","","","",False,"","","","","","","https://www.linkedin.com/company/britecore","","","","","","","","","","","",""
"li-4377525647","linkedin","https://www.linkedin.com/jobs/view/4377525647","","Account Executive","RevPilots","","2026-03-01","","","","","","",False,"","","","","","","https://www.linkedin.com/company/revpilots","","","","","","","","","","","",""
"li-4336262537","linkedin","https://www.linkedin.com/jobs/view/4336262537","","Enterprise Account Executive, Federal Public Sector","Asana","New York, NY","2026-03-01","","","","","","",False,"","","","","","","https://www.linkedin.com/company/asana","","","","","","","","","","","",""
"li-4379594015","linkedin","https://www.linkedin.com/jobs/view/4379594015","","Account Executive Retail & CPG","Nimble","New York, NY","2026-03-01","","","","","","",False,"","","","","","","https://www.linkedin.com/company/nimbledata","","","","","","","","","","","",""
"li-4378415060","linkedin","https://www.linkedin.com/jobs/view/4378415060","","Senior Account Executive, Mid-Market","Outreach","Seattle, WA","2026-03-01","","","","","","",False,"","","","","","","https://www.linkedin.com/company/outreach-saas","","","","","","","","","","","",""
"li-4378446464","linkedin","https://www.linkedin.com/jobs/view/4378446464","","Sales, Key Account Executive – North America","Revuze","","2026-03-01","","","","","","",False,"","","","","","","https://www.linkedin.com/company/revuze","","","","","","","","","","","",""
"li-4378454377","linkedin","https://www.linkedin.com/jobs/view/4378454377","","100% Remote - Digital Account Manager (Web based)","Launching Point","","2026-03-01","","","","","","",True,"","","","","","","https://www.linkedin.com/company/launching-point","","","","","","","","","","","",""
"li-4369966375","linkedin","https://www.linkedin.com/jobs/view/4369966375","","Senior Account Executive","Woven Health Collective","","2026-02-28","","","","","","",False,"","","","","","","https://www.linkedin.com/company/wovenhc","","","","","","","","","","","",""
"li-4342174261","linkedin","https://www.linkedin.com/jobs/view/4342174261","","Account Executive - Banking and Wealth","Plaid","","2026-02-28","","","","","","",False,"","","","","","","https://www.linkedin.com/company/plaid-","","","","","","","","","","","",""
"li-4379527606","linkedin","https://www.linkedin.com/jobs/view/4379527606","","Senior Account Executive- E-Commerce","RecruiterForceAI","","2026-02-28","","","","","","",False,"","","","","","","https://ie.linkedin.com/company/recruiterforce","","","","","","","","","","","",""
"li-4364902411","linkedin","https://www.linkedin.com/jobs/view/4364902411","","Sr. Account Executive (Payment Integrity)","Shift Technology","","2026-02-28","","","","","","",False,"","","","","","","https://fr.linkedin.com/company/shift-technology","","","","","","","","","","","",""
"li-4248917138","linkedin","https://www.linkedin.com/jobs/view/4248917138","","Corporate Accounts Director - West","Ambu A/S","Arizona, United States","","","","","","","",False,"","","","","","","https://dk.linkedin.com/company/ambu-as","","","","","","","","","","","",""
"li-4248913680","linkedin","https://www.linkedin.com/jobs/view/4248913680","","Corporate Accounts Director - West","Ambu A/S","California, United States","","","","","","","",False,"","","","","","","https://dk.linkedin.com/company/ambu-as","","","","","","","","","","","",""
"li-4248917136","linkedin","https://www.linkedin.com/jobs/view/4248917136","","Corporate Accounts Director - West","Ambu A/S","Utah, United States","","","","","","","",False,"","","","","","","https://dk.linkedin.com/company/ambu-as","","","","","","","","","","","",""
"li-4248917137","linkedin","https://www.linkedin.com/jobs/view/4248917137","","Corporate Accounts Director - West","Ambu A/S","Idaho, United States","","","","","","","",False,"","","","","","","https://dk.linkedin.com/company/ambu-as","","","","","","","","","","","",""
"li-4248918035","linkedin","https://www.linkedin.com/jobs/view/4248918035","","Corporate Accounts Director - South","Ambu A/S","Mississippi, United States","","","","","","","",False,"","","","","","","https://dk.linkedin.com/company/ambu-as","","","","","","","","","","","",""
"li-4377725588","linkedin","https://www.linkedin.com/jobs/view/4377725588","","Account Executive | $70/hr Remote","Crossing Hurdles","","","","","","","","",True,"","","","","","","https://www.linkedin.com/company/crossinghurdles","","","","","","","","","","","",""
"li-4378846819","linkedin","https://www.linkedin.com/jobs/view/4378846819","","Account Executive - Outbound - Remote","Zyte","Chicago, IL","","","","","","","",True,"","","","","","","https://ie.linkedin.com/company/zytedata","","","","","","","","","","","",""
"li-4378857054","linkedin","https://www.linkedin.com/jobs/view/4378857054","","Account Executive - Outbound - Remote","Zyte","Columbus, OH","","","","","","","",True,"","","","","","","https://ie.linkedin.com/company/zytedata","","","","","","","","","","","",""
"li-4380119924","linkedin","https://www.linkedin.com/jobs/view/4380119924","","Mid-Market AE","UserEvidence","","","","","","","","",False,"","","","","","","https://www.linkedin.com/company/userevidence","","","","","","","","","","","",""
"li-4368367531","linkedin","https://www.linkedin.com/jobs/view/4368367531","","Account Manager-Personal Care","Barentz","","","","","","","","",False,"","","","","","","https://nl.linkedin.com/company/barentz","","","","","","","","","","","",""
"li-4378896040","linkedin","https://www.linkedin.com/jobs/view/4378896040","","Account Executive (Entry-Level)","Unishippers - Hudson Group","","","","","","","","",False,"","","","","","","https://www.linkedin.com/company/unishippersccshippingspree","","","","","","","","","","","",""
"li-4370408605","linkedin","https://www.linkedin.com/jobs/view/4370408605","","Inbound SMB Account Executive","Crossing Hurdles","","","","","","","","",False,"","","","","","","https://www.linkedin.com/company/crossinghurdles","","","","","","","","","","","",""
"li-4377792913","linkedin","https://www.linkedin.com/jobs/view/4377792913","","Account Executive","SiteRecon","","","","","","","","",False,"","","","","","","https://www.linkedin.com/company/siterecon","","","","","","","","","","","",""
"li-4378868082","linkedin","https://www.linkedin.com/jobs/view/4378868082","","Senior Account Executive","Rezku Restaurant Point of Sale","Los Angeles, CA","","","","","","","",False,"","","","","","","https://www.linkedin.com/company/rezku","","","","","","","","","","","",""
"li-4379914153","linkedin","https://www.linkedin.com/jobs/view/4379914153","","Sr. Account Manager","Jobgether","","","","","","","","",False,"","","","","","","https://be.linkedin.com/company/jobgether","","","","","","","","","","","",""
"li-4379905887","linkedin","https://www.linkedin.com/jobs/view/4379905887","","Strategic Account Executive","Jobgether","","","","","","","","",False,"","","","","","","https://be.linkedin.com/company/jobgether","","","","","","","","","","","",""
"li-4379953931","linkedin","https://www.linkedin.com/jobs/view/4379953931","","Mid-Market Account Executive","EasyLlama","","","","","","","","",False,"","","","","","","https://www.linkedin.com/company/easyllama","","","","","","","","","","","",""
"li-4376901630","linkedin","https://www.linkedin.com/jobs/view/4376901630","","Account Executive","Kwant","Brooklyn, NY","","","","","","","",False,"","","","","","","https://www.linkedin.com/company/kwantai","","","","","","","","","","","",""
"li-4378839885","linkedin","https://www.linkedin.com/jobs/view/4378839885","","Senior Account Executive","Rezku Restaurant Point of Sale","Las Vegas, NV","","","","","","","",False,"","","","","","","https://www.linkedin.com/company/rezku","","","","","","","","","","","",""
"li-4370823963","linkedin","https://www.linkedin.com/jobs/view/4370823963","","[Direct Sales] Account Executive","Xplor Pay","San Gabriel, CA","","","","","","","",False,"","","","","","","https://www.linkedin.com/company/xplorpay","","","","","","","","","","","",""
"li-4379996483","linkedin","https://www.linkedin.com/jobs/view/4379996483","","Enterprise Account Executive","Jobgether","","","","","","","","",False,"","","","","","","https://be.linkedin.com/company/jobgether","","","","","","","","","","","",""
"li-4379962976","linkedin","https://www.linkedin.com/jobs/view/4379962976","","Senior Account Executive","Duolingo","California, United States","","","","","","","",False,"","","","","","","https://www.linkedin.com/company/duolingo","","","","","","","","","","","",""
"li-4379999974","linkedin","https://www.linkedin.com/jobs/view/4379999974","","Account Executive","SurePoint Technologies","Cincinnati, OH","","","","","","","",False,"","","","","","","https://www.linkedin.com/company/surepoint-tech","","","","","","","","","","","",""
"li-4370875673","linkedin","https://www.linkedin.com/jobs/view/4370875673","","[Direct Sales] Account Executive","Xplor Pay","Calabasas, CA","","","","","","","",False,"","","","","","","https://www.linkedin.com/company/xplorpay","","","","","","","","","","","",""
"li-4374251836","linkedin","https://www.linkedin.com/jobs/view/4374251836","","Senior Channel Account Manager","Scout Global","","","","","","","","",False,"","","","","","","https://uk.linkedin.com/company/scoutglobal","","","","","","","","","","","",""
"li-4380182678","linkedin","https://www.linkedin.com/jobs/view/4380182678","","Account Executive","ConCntric","California, United States","","","","","","","",False,"","","","","","","https://www.linkedin.com/company/concntric","","","","","","","","","","","",""
"li-4370883032","linkedin","https://www.linkedin.com/jobs/view/4370883032","","[Direct Sales] Account Executive","Xplor Pay","San Jose, CA","","","","","","","",False,"","","","","","","https://www.linkedin.com/company/xplorpay","","","","","","","","","","","",""
"li-4379972093","linkedin","https://www.linkedin.com/jobs/view/4379972093","","Account Executive","Thera","New York, NY","","","","","","","",False,"","","","","","","https://www.linkedin.com/company/getthera","","","","","","","","","","","",""
"li-4379954366","linkedin","https://www.linkedin.com/jobs/view/4379954366","","Enterprise Account Executive","Pekamiar","","","","","","","","",False,"","","","","","","https://www.linkedin.com/company/pekamiar","","","","","","","","","","","",""
"li-4377766548","linkedin","https://www.linkedin.com/jobs/view/4377766548","","Senior Sales Manager","Worthy.com","","","","","","","","",False,"","","","","","","https://www.linkedin.com/company/worthy-com","","","","","","","","","","","",""
"li-4379106264","linkedin","https://www.linkedin.com/jobs/view/4379106264","","Territory Account Manager","World Emblem™","","","","","","","","",False,"","","","","","","https://www.linkedin.com/company/world-emblem-international-inc","","","","","","","","","","","",""
